playlist_id,playlist_name,num_tracks,num_followers
0,Throwbacks,52,1
1,Awesome Playlist,39,1
2,korean ,64,1
3,mat,126,1
4,90s,17,2
5,Wedding,80,1
6,I Put A Spell On You,16,1
7,2017,53,1
8,BOP,46,2
9,old country ,21,1
10,abby ,72,2
11,VIBE,134,1
12,relax,9,1
13,sleep,13,1
14,90's ,103,1
15,New Songs,7,1
16,slow hands,105,1
17,Mom's playlist,79,1
18,SARAH,68,1
19,melancholy,85,1
20,mixtape,14,3
21,Sad Songs,15,1
22,fall '17,42,2
23,‚úîÔ∏è,20,1
24,Twenty one pilots,7,1
25,run it,41,2
26,Winter 2014,26,1
27,smooth ,12,1
28,Yeet,81,7
29,groovy,40,1
30,Garage Rock,157,1
31,Running 2.0,97,1
32,acoustic,106,1
33,morning,17,1
34,good good,80,1
35,Good Vibes,70,1
36, indie rock,9,1
37,Hits,72,1
38,tb,53,1
39,Country,58,1
40,2020,85,6
41,Belters,209,1
42,Road Trippin',158,2
43,Country,21,1
44,taylor swift,33,3
45,angst,76,1
46,Running 2,11,1
47,Spring 2016,15,1
48,Country,32,1
49,Gospel,45,1
50,SB,55,1
51,Kevin,54,1
52,Christmas,15,5
53,NB,105,4
54,Smooth Jazz,5,1
55,Tennessee ,151,3
56,funky,19,1
57,spring 16,19,1
58,Gates,38,2
59,Favorite Songs,136,3
60,Ski,66,2
61,Country,13,1
62,hype,33,2
63,Awesome Mix,38,1
64,Elizabeth,105,1
65,PlayStation,133,1
66,Ashley,81,1
67,chill,8,1
68,xx,174,1
69,art class,18,1
70,Random Tunes,74,1
71,boat,26,1
72,spanish jams,197,1
73,new,34,1
74,CR,5,1
75,Run!!,14,2
76,winter '17,32,4
77,Workout,24,1
78,Traps ,16,1
79,Dope,16,1
80,Chill,66,1
81,rap,64,1
82,Gospel,25,1
83,Florida,69,2
84,Workout2,39,1
85,Gym,72,2
86,Zoned,42,1
87,relax,24,1
88,KPOP,66,1
89,80's,92,1
90,For the Road,103,2
91,R & B,68,3
92,Tom Petty,8,1
93,Catchy Songs,98,1
94,relax,124,1
95,roadtrippin,170,1
96,christmas,19,1
97,2012,233,1
98,Dave,81,1
99,bang bang. ,42,2
100,Disneyland,22,1
101,#boostyourrun,22,1
102,LUV,48,1
103,latin,177,1
104,JAMS,65,1
105,~Rando~,115,1
106,Party Rock!!,114,1
107,party people,62,2
108,The Piano Guys,69,1
109,Worship,132,1
110,Brasileiras,33,2
111,country,24,1
112,4/20,65,1
113,2016,19,1
114,Willie,23,1
115,beach,194,4
116,Gold Digger,12,1
117,Fall 2015,13,1
118,dance it out,38,1
119,greek,23,1
120,All the songs,103,1
121,Kyle,168,1
122,HALLOWEEN,20,1
123,w o r k o u t,245,1
124,party music,176,2
125,summer,53,1
126,XXXMas,50,1
127,BBG,26,1
128,bae,18,1
129,oldies,94,3
130,its lit,205,2
131,go to,99,1
132,Killin' It,10,1
133,October 2017,20,4
134,Rap/Pop,233,1
135,1990's ,53,1
136,Rap,32,1
137,GUACAMOLE,24,1
138,14,130,1
139,That New New,44,2
140,Relaxing,71,1
141,sleep,22,1
142,Get It!,109,1
143,bumps,37,1
144,picks,60,4
145,ü§òüèº,46,1
146,Mashup,198,2
147,Ladies,10,1
148,Alt Jams,141,1
149,Reggae/Ska,34,3
150,Top hits,130,2
151,jazzy ,42,1
152,Pop,89,1
153,Emotional,29,1
154,Fall,50,1
155,ouch,24,1
156,Love Music,188,2
157,Bang Bang ,22,1
158,Solitude,102,3
159,feels,33,1
160,Silence,7,1
161,English ,161,2
162,Blues,41,1
163,pump,61,1
164,volleyball playlist ,46,5
165,september ,10,2
166,motown,55,7
167,folky,74,3
168,Rock alternativo,12,1
169,Summer Chill,134,2
170,Rap Classics,52,1
171,My favs,29,1
172,motivational ,41,1
173,Up Beat,95,1
174,Wes Anderson,16,1
175,Love,18,1
176,basic,141,1
177,Another,25,1
178,LIT!!!!!!!,70,1
179,YEET,21,2
180,ü§§ü§§,17,1
181,Summer Playlist,27,1
182,high,171,5
183,Music,85,1
184,Chill Alternative,50,1
185,feelz,121,5
186,Alexia,41,1
187,Mellow.,17,1
188,Britt,17,1
189,Christian Songs,66,2
190,Kendrick Lamar ,70,1
191,jesus jams,22,2
192,Daddy Issues,37,1
193,üî•üî•üî•üî•,14,1
194,sb2k17,130,1
195,Dance,68,1
196,2013,29,1
197,Spring16,57,1
198,soul,25,1
199,Best Songs of 2016,79,5
200,Ladies,14,1
201,Love ,46,1
202,Cash,64,1
203,#Workout,47,1
204,guitar.,10,2
205,running ,49,1
206,Shower,5,1
207,Saturn,44,1
208,Christmas music,90,1
209,Bus playlist,52,2
210,Xmas,123,1
211,My music,79,2
212,Latino,146,1
213,Mumford & Sons,17,1
214,This Is What You Came For,157,1
215,On the Run,41,2
216,Prayer,29,1
217,my country,148,1
218,party playlist,98,1
219,Funky,30,1
220,Musicals,68,1
221,Relax,15,1
222,Wedding,17,1
223,classics,120,10
224,Peace,115,3
225,Volleyball,80,1
226,Madness,111,1
227,ride,55,1
228,before my time,176,1
229,reggae,18,1
230,Summer of love,24,2
231,Everything,229,9
232,Hits,50,1
233,shower ,5,1
234,RUNNIN,43,1
235,My happy place,40,1
236,90s hits,48,1
237,Old songs,92,3
238,Korean,22,1
239,Go to ,124,1
240,Way Up,34,1
241,Tegan and Sara,151,18
242,Atlas,18,1
243,Elisa,123,1
244,Country,67,1
245,90s,62,1
246,eurotrip,67,1
247,Mine,18,1
248,Christmas 2016,25,1
249,Summer,31,1
250,TBT,31,1
251,beachy,28,1
252,country,96,1
253,Drank,78,4
254,Trip,37,2
255,Christmas Mix,32,22
256,TOP,66,1
257,rap god,37,1
258,#Relaxed,38,4
259,blue grass,88,1
260,brad paisley ,55,1
261,summer16,18,1
262,throwback,145,1
263,love,44,1
264,DA,188,4
265,SUMMER 2k17,120,1
266,Awesome mix vol. 1,12,1
267,POP,38,1
268,Road Trip Mix,35,1
269,Indie,27,1
270,Corridos,179,2
271,Mr. Brightside,22,1
272,shower,13,1
273,workout,17,1
274,old people,59,1
275,FUN,66,1
276,üòçüòç,12,1
277,Hockey,46,1
278,dank memes,5,1
279,üéµüéµ,97,1
280,Legendary,55,1
281,mayer,58,4
282,Game Time,34,1
283,car tunes,108,1
284,lit,73,1
285,wrap,99,1
286,Chris,42,1
287,chill beats,26,1
288,kpop,48,1
289,mix,10,2
290,Blackout,35,1
291,country ,70,1
292,Disney,38,1
293,CHRISTMASSSSS,57,2
294,Aux,83,1
295,best christmas,47,2
296,Worship ,35,11
297,broadway,81,1
298,Vibe,49,1
299,Say My Name,34,1
300,car playlist,17,1
301,Music From Baz Luhrmann's Film The Great Gatsby,21,1
302,deep,105,1
303,Tame Impala,43,1
304,<3,48,2
305,Running,26,3
306,mixtape,29,1
307,rawr,24,1
308,lit songs ,17,1
309,upbeat,47,1
310,Good Day,51,1
311,AAA,56,1
312,Line Dances ,23,1
313,Spanish,6,1
314,randoms,38,1
315,Alright,29,2
316,Feelin' Myself,54,1
317,RAP,30,2
318,Covers,11,1
319,Acoustic,63,1
320,chill,26,2
321,bruno mars,31,1
322,stream,35,3
323,mix ,30,1
324,Me Like,74,3
325,Disney Jams,34,1
326,family,101,3
327,Walking on Sunshine,18,1
328,country,123,4
329,trap,89,3
330,electronic,179,1
331,The Drive,135,5
332,Julion alvarez,60,2
333,studying music,55,2
334,90s alternative,124,1
335,Litty ,143,2
336,oldies but goodies ,5,1
337,More Songs,8,1
338,((chris)),118,1
339,Worship,126,4
340,üá≤üáΩüá≤üáΩüá≤üáΩ,23,1
341,( Õ°¬∞ Õú ñ Õ°¬∞),209,3
342,Dance mix,167,1
343,classic ,32,1
344,oldies,35,1
345,NEW,16,6
346,Chill music ,12,2
347,karaoke.,28,1
348,‚ö°Ô∏è‚ö°Ô∏è‚ö°Ô∏è,202,1
349,Road,26,1
350,Latin Trap,83,1
351,Cali,59,1
352,frenchy,28,1
353,Thinking,23,3
354,Cruisin,64,1
355,throw backs,70,1
356,2017,38,1
357,boris,161,1
358,Meow,75,1
359,old songs ,54,1
360,pg,132,1
361,Breezeblocks,79,1
362,Favorite Songs,236,1
363,Classic Rock,101,1
364,Pregame,46,1
365,Chill Rock,128,15
366,High,9,1
367,Guilty pleasure,118,1
368,Everyday,25,1
369,Salsa clasica,60,1
370,CHRISTMAS,44,2
371,quiet,15,1
372,TRIPPIn,10,1
373,happy,63,2
374,oldies,122,1
375,Chill,82,1
376,Studying,88,1
377,Classic,22,1
378,country,69,1
379,Autumnal ,99,7
380,Throwbacks ,134,3
381,Traveling,54,1
382,spin,14,2
383,country 2017,31,2
384,*** good stuff,46,2
385,LM,27,1
386,Chill,23,1
387,sad,5,1
388,Party time,29,1
389,mb,174,2
390,Samba,30,1
391,tears.,68,3
392,Go To,88,1
393,Friday afternoon...,72,1
394,songs that make me think of you ,23,1
395,Congratulations,61,1
396,Party,152,1
397,Random,22,1
398,Comedy,16,1
399,RAVE,28,1
400,summer 2015,40,1
401,GET DOWN,170,4
402,JAZZ,129,1
403,Hype,210,4
404,‚ö°Ô∏è,73,1
405,in my feels,214,1
406,90's,228,2
407,Piano Music,51,1
408,workout mix,9,1
409,90s hip hop,33,1
410,Metal,87,1
411,ashley,169,1
412,Country,189,2
413,Sweat.It.Out.,22,1
414,early 2000's,17,1
415,Get pumped ,12,1
416,West Coast Swing,44,1
417,Rock,17,1
418,june,18,1
419,Roadtrip,121,1
420,Smooth,109,1
421,1967,23,1
422,Old School,55,1
423,New,18,1
424,WORSHIP,122,1
425,Phone,10,1
426,yo,90,3
427,PT,113,4
428,car rides,111,1
429,Music.,41,7
430,Rent,28,1
431,Feels,94,1
432,goldie,84,1
433,Sad songs,29,1
434,DIEGO$,100,1
435,New years,44,1
436,Driving,151,2
437,April,199,1
438,OD,92,1
439,housewarming,174,2
440,car,24,1
441,chill out,203,4
442,rap mix,195,4
443,Kickin it,41,2
444,Chill Out,12,1
445,90s baby,24,1
446,Oldies,42,1
447,Classical,166,1
448,My favorites,26,1
449,Hyphy,16,1
450,Pump up songs,74,2
451,Beautiful Things,22,1
452,dance,77,2
453,my heart,159,1
454,issa playlist,159,1
455,Party,45,1
456,Country,240,1
457,roma,63,3
458,Intro,89,1
459,Dusk,102,2
460,slow,95,3
461,BUST A MOVE,18,2
462,Current jams,51,2
463,Fallout,32,1
464,2017,13,1
465,Punk,140,2
466,Homework,26,1
467,000,130,1
468,Good Times,140,4
469,new stuff,62,1
470,It's Christmas Time!,173,1
471,AA,142,1
472,Chill Sesh,139,1
473,SPRANG,51,1
474,Greatest Hits,24,1
475,elevator music,175,1
476,YOU,78,1
477,Reggaeton,12,1
478,Long Car Rides,60,1
479,Country favorites,51,1
480,Chill Out Music,99,1
481,Good songs,22,1
482,hip hop,6,2
483,vibes,241,1
484,INDY,21,1
485,90's,57,1
486,ODESZA,17,1
487,Good stuff,41,1
488,CHRISTMAS MUSIC,36,1
489,Isis,59,1
490,My baby,15,1
491,Melting Pot,218,2
492,Eminem ,34,1
493,Zombies,58,1
494,Mega Chill,27,1
495,OOOUUU,18,1
496,songs to sing in the shower,20,1
497,Narcos,25,1
498,modern rock,71,1
499,Wedding Dance Party,87,1
500,oldies,28,1
501,regaton ,28,1
502,tbd,52,1
503,Instrumental,25,2
504,Old School ,158,1
505,joSe :),54,1
506,üíÉüèΩ,71,1
507,Feels,32,1
508,favs rn,26,2
509,Chill Songs,85,3
510,feels,36,1
511,üòªüòª,32,3
512,Somber,33,1
513,Sunrise,46,1
514,Mix Tape,31,1
515,FNAF,36,2
516,smooth jams,188,13
517,Best EDM,44,1
518,Worship,14,1
519,hitS,55,2
520,üò≠üò≠,29,1
521,music,127,1
522,Upbeat Songs ,21,1
523,HOOD,152,2
524,poop,64,1
525,Tejano,139,1
526,Cinco De Mayo,127,6
527,Tripping,49,3
528,New School,137,1
529,now,36,2
530,Electronic Music,51,1
531,2000's ,6,1
532,Sleep,146,2
533,mix,34,1
534,New Music,13,1
535,halcyon,46,4
536,Wedding Cocktail Hour,25,1
537,chill  ,36,1
538,february '17,28,2
539,July 2013,28,17
540,Musica en espa√±ol,52,1
541,SpRiNg BrEaK,33,1
542,vibin',68,1
543,Rock,87,1
544,vibes,77,1
545,Tropical,28,1
546,pregame,50,1
547,whatever,28,2
548,Mix Tape,19,1
549,Thug,41,1
550,Winter,34,1
551,Sleep~,33,1
552,Country,70,1
553,Reggae,215,2
554,Vibin,149,1
555,older songs,55,1
556,Crossfit,52,2
557,Work,70,1
558,Black,47,1
559,üíõüíõ,238,1
560,Summer Party,178,4
561,chillen,45,1
562,Country summer,97,3
563,Top Hits,14,2
564,cheese,18,1
565,Country,138,2
566,Wedding,16,1
567,14,50,3
568,NICOLE,15,1
569,Relaxing Music,22,1
570,run,23,1
571,Disney!,19,1
572,bounce,177,3
573,Calming Music,81,2
574,kayla,18,2
575,Party mix,45,1
576,wake up,33,1
577,sound,31,1
578,sad,24,1
579,Mya,27,2
580,rock,48,1
581,main playlist,82,3
582,doo wop,63,1
583,nite,60,1
584,Main,192,1
585,üñïüèª,191,1
586,Wandering,205,3
587,Current,10,1
588,Wedding Dance Music,58,2
589,rap,83,1
590,Vibin',54,1
591,dad songs,19,1
592,2015,154,3
593,PARTY PLAYLIST,50,1
594,bomb,31,3
595,spring '17,35,1
596,maY!,59,1
597,Baby Making,55,1
598,ale,40,1
599,Sunny Days,15,1
600,Stuff,149,1
601,Up,35,1
602,Happy Happy Happy,44,1
603,Don't,82,1
604,Lent,23,1
605,turn up,97,3
606,Country,114,1
607,Songs I Like,124,3
608,Spring 2015,99,2
609,classic rock,68,1
610,70/80,54,1
611,Oldies,147,1
612,summer 17,81,1
613,Wedding Songs,43,1
614,indie rock ,62,1
615,Sierre√±o,43,3
616,study,136,4
617,Random,50,1
618,Christmastime,50,1
619,random songs,23,1
620,party,20,1
621,workout,101,1
622,mine,32,1
623,take me back,53,2
624,ROAR,14,1
625,old,90,1
626,teenage angst,120,3
627,Wave,58,1
628,Mixtape,21,1
629,80s,20,1
630,//new,62,1
631,house,61,1
632,ol skool,51,1
633,music,194,2
634,ROCKüé∏,56,3
635,Workout,87,2
636,go-to,78,3
637,Classic,205,6
638,Various Artists ‚Äì Majestic Casual - Chapter I,31,1
639,Grind,42,3
640,America,38,1
641,sleep,8,1
642,rap,104,1
643,VACATION,120,1
644,christmas,32,1
645,Dubstep,29,2
646,Pop,18,1
647,Gym,155,2
648,Mia,134,8
649,Musica,110,1
650,Australia Day,41,2
651,Slay,46,1
652,II,40,1
653,Arab,10,1
654,Take Me Back,44,5
655,Christmas Time,50,2
656,feel good,103,1
657,üòàüòàüòà,124,8
658,Rock,64,1
659,Lifting ,164,1
660,Panda,91,2
661,Car Party,58,1
662,discovered,183,5
663,2000s hits,53,1
664,Workout,17,3
665,recommendations !! ,61,2
666,eclipse,30,1
667,classical,60,1
668,Feel Good,19,1
669,summer 2k17,59,2
670,cake ,47,1
671,lean,62,2
672,Chill,74,1
673,Say You Won't Let Go,156,9
674,Deep Thoughts,29,1
675,Dinner Party,6,1
676,Clubbin,107,1
677,For You,52,1
678,tb,13,1
679,Blues,44,1
680,Country Favorites,235,3
681,Work,16,1
682,twenty sixteen,89,1
683,Life ,185,1
684,Waltz,39,1
685,uhhhh,11,1
686,Throwback,43,1
687,Cinderella,121,1
688,üòçüòçüòç,55,1
689,My Musics,235,1
690,Dark Side,52,1
691,Club,117,1
692,december,19,1
693,chill time,74,2
694,PARTY ,190,1
695,three,20,1
696,Alternativo ,32,1
697,Partay,89,1
698,rock songs,14,2
699,Lulu,183,2
700,Amy,72,1
701,Old songs ,38,1
702,Wedding Cocktail Hour,23,1
703,ALT,198,1
704,Drake,220,1
705,Wedding,23,1
706,MY FAV,5,1
707,party,10,1
708,pop,43,3
709,winter,24,1
710,my favorite songs,8,2
711,yoga,9,1
712,classic,122,1
713,Cody,83,1
714,raw,55,2
715,Band Music,44,3
716,Rave,35,1
717,Throwbacks,56,1
718,Swing,24,1
719,CARDIO,88,1
720,PARTY 1,51,2
721,throwback,40,1
722,running,68,1
723,Wet Dreamz,19,1
724,roadtrip üöó,106,1
725,Feels,33,2
726,dubstep,23,1
727,Rock en espa√±ol ,56,1
728,summer country,48,2
729,Pop,104,1
730,lit,133,1
731,Best of 2016,104,1
732,country,14,1
733,rap,91,3
734,2000s r&b,117,1
735,my songs ,46,1
736,Not Rap,28,1
737,fuego,35,1
738,spanish ,15,1
739,Best,42,3
740,will,195,3
741,Chill,40,2
742,Holiday Party,31,1
743,New ish,245,1
744,Running,75,1
745,Mad Men,70,1
746,EBM,21,1
747,2000s,79,1
748,Disney,85,1
749,Buena Vista Social Club,36,1
750,Summer 2016,33,2
751,xmas party,150,2
752,for you,138,1
753,Luke,26,1
754,L O V E ,88,1
755,Summer Country,50,1
756,kitchen,18,1
757,Yeah,16,1
758,Britney,35,1
759,ghetto,28,1
760,HARDCORE WORKOUT,110,1
761,#mood,39,2
762,Gospel Mix,45,1
763,Turnt,36,1
764,GOOD MUSIC ,18,1
765,Tangled,81,1038
766,music,85,1
767,The Mix,149,1
768,Fun,73,1
769,Elliot,157,1
770,summer 2016,67,1
771,Classical favorites,6,1
772,no,20,1
773,4th of july,126,1
774,Sugar,16,1
775,vibin,24,2
776,ha,35,1
777,christmas,19,1
778,electro,16,1
779,00s,85,1
780,Rage,23,1
781,New jams,121,1
782,Main Playlist,235,1
783,Christmas,17,1
784,Cruising,10,2
785,Girl Power,55,2
786,Summer 2016,59,1
787,Baes,7,1
788,ATL,30,1
789,Soulful  ,29,1
790,üò¥üò¥,20,3
791,Country,48,1
792,Pitch Perfect,16,1
793,feels,90,4
794,siesta,28,2
795,Shape of You,9,2
796,Country,48,1
797,Workout,47,1
798,mellow,34,1
799,Helene,33,1
800,Christian music,8,1
801,Runaway,57,1
802,work music,94,1
803,Country,204,1
804,Good Stuff,86,1
805,car playlist ,12,1
806,2K14,143,3
807,Summer drives,75,1
808,üí∏üí∏,113,1
809,Country,15,1
810,road trip ,10,1
811,musicals,234,1
812,Throwback,112,2
813,ease ~,41,1
814,Groovy,45,2
815,WORKOUT,189,1
816,Easy Listening ,97,1
817,Cancun,53,1
818,Star Wars,14,1
819, CHiLl,21,1
820,jan 2015,17,1
821,feel good,24,1
822,explicit,165,1
823,Broadway Baby,120,1
824,Worship,24,2
825,pregame,78,6
826,Hawaii,19,1
827,Roadtrip,24,1
828,.jams.,18,1
829,The Classics,35,2
830,Heat,16,1
831,My hits,76,2
832,Fix You,27,1
833,I workout!,128,1
834,Disney,19,2
835,everything,207,1
836,boujee,19,1
837,Country Mix,18,1
838,bird,121,2
839,Camp,69,1
840,rap,117,3
841,Deb,111,1
842,christmas,136,1
843,2016,221,3
844,nostalgia,150,1
845,english,12,1
846,empty,27,1
847,The Good Stuff,211,1
848,Local,200,2
849,chill,101,3
850,Litüî•üî•,53,1
851,Indie Stuff,17,1
852,chill,49,1
853, Frozen,59,2
854,HER,218,3
855,Gospel,73,4
856,songs to dance to,16,1
857,study,132,2
858,summer 16',96,1
859,Hungover,179,1
860,work,50,1
861,Christmas Favorites,64,4
862,mood music,14,1
863,good vibes,48,1
864,I like these songs,72,1
865,Cha Cha,36,1
866,Worship,91,2
867,PURPLE,54,1
868,April 2016,22,1
869,My Heart,37,1
870,recovery,47,1
871,space jams,25,2
872,bored,29,1
873,Volleyball,31,1
874,Mixed,133,1
875,Jammin,42,1
876,Chidas,68,2
877,ELECTRONICAS,85,1
878,new new,9,1
879,Country,241,1
880,Working Out,26,1
881,EDC,62,1
882,run 2,6,1
883,Office,82,1
884,Songs I Love,41,2
885,SEPTEMBER 2017,59,1
886,BUMP,225,2
887,Reception,66,1
888,Old Rock,22,1
889,Edward Sharpe & The Magnetic Zeros,35,1
890,Two,6,1
891,Good music ,7,1
892,1980's,11,8
893,Country,135,1
894,playlist,20,1
895,Throwbacks,137,1
896,Classic Country,207,6
897,Thuggin,70,1
898,trending,45,1
899,Relax,54,1
900,My High-Intensity Workout,14,1
901,Sundays,47,3
902,sunday,42,1
903,Oldies,66,1
904,dance yrself clean,26,2
905,Sleep Music,11,1
906,DISCOVER,30,1
907,Lit,113,1
908,old but good,53,2
909,Awesome,14,1
910,Pump up,87,2
911,BEST SONGS EVER,41,1
912,old school,90,2
913,PARTY,134,1
914,dance,71,1
915,Alternative,8,2
916,Rock,89,1
917,Summer '16,40,1
918,Pearl Jam,162,1
919,petrichor,48,1
920,LITT ,146,1
921,Rock,112,1
922,Baby shower,12,1
923,beautiful,36,1
924,mine,103,1
925,John's Playlist,75,1
926,rock,61,1
927,Oldies,65,2
928,vibin,10,1
929,Move,18,1
930,Seduction,120,1
931,Fire,54,1
932,halloweenie,35,1
933,Reception,47,1
934,Love,36,1
935,Rock,44,1
936,Worship,37,3
937,hayley,26,1
938,Inspiration,56,1
939,<3,35,1
940,Playlist,49,2
941,2k17,140,1
942,R&B classics,94,3
943,Fall 2015,92,1
944,hoe anthems,31,2
945,the mix,26,1
946,summer '17,119,1
947,nashville,10,1
948,Christmas songs ,63,1
949,jamz,74,1
950,Summer 2016,55,2
951,stuff,9,1
952,The Greatest,10,1
953,#chill,70,2
954,country,24,1
955,country ,224,1
956,Classical,75,1
957,disney bops,39,1
958,top down,17,2
959,Rap Songs,21,1
960,Chillout ,59,1
961,Gospel,53,1
962,MERICA,80,1
963,Dubstep ,10,1
964,KILLA,135,1
965,hey,97,1
966,mello,12,1
967,spanish,11,1
968,death,162,4
969,Marshall ,35,2
970,Summer 2014,79,1
971,Rap it up,57,1
972,Slow Stuff,133,1
973,flow,17,1
974,Maui,140,1
975,Lit af,21,1
976,Neo,16,1
977,summer playlist,133,1
978,Dancehall,126,1
979,new,221,1
980,Gym,214,3
981,Chill,35,1
982,nc,56,1
983,2pac,100,1
984,Pump up,203,1
985,Party Playlist,79,1
986,New Music,69,1
987,Dancing on my own,172,1
988,New,14,1
989,David,33,1
990,Michelle ,87,1
991,Bad and Boujee,19,1
992,R&B,126,1
993,üåàüåàüåà,38,1
994,FALL 2013,61,1
995,old,41,1
996,Daze,17,1
997,rap,119,1
998,Country,108,1
999,thinking of you,44,1
1000,disney,189,1
1001,Indie Electro,165,2
1002,jack & jack,17,1
1003,vibes,225,2
1004,Indie,165,1
1005,college,28,1
1006,Summer 15,80,2
1007,New music,58,1
1008,Now,84,3
1009,Jams,41,1
1010,Party Mix,74,2
1011,LOCO,97,18
1012,Bruno Mars,18,1
1013,Breezy,67,1
1014,Fall 16,83,3
1015,SLO,53,1
1016,BANGAZ,198,1
1017,Piano Music,29,1
1018,Beach Music,130,14
1019,Slow jamz,43,1
1020,vaporwave,17,1
1021,Bassnectar,106,1
1022,Christmas,29,1
1023,Moo,35,1
1024,üëëüëëüëë,7,1
1025,random,207,2
1026,Heavy Metal,24,1
1027,pr,28,1
1028,misc.,140,1
1029,Beats,19,1
1030,Piano Guys,33,1
1031,humble. ,13,1
1032,‚ù§‚ù§‚ù§,38,1
1033,worship,52,1
1034,golden,9,1
1035,CUMBIAS,162,1
1036,Wedding Playlist,47,1
1037,work out,78,1
1038,car,5,1
1039,COUNTRY ,108,1
1040,Christian,16,1
1041,Brown Eyed Girl,20,3
1042,Christmas,178,1
1043,summer 2k17,34,1
1044,Adventure Of A Lifetime,42,1
1045,madison,105,1
1046,summer tunes,19,2
1047,Electro,89,1
1048,Disney,36,1
1049,a playlist,85,1
1050,Bhangra,84,4
1051,Fall 2014,21,1
1052,Groove,83,1
1053,Piano,111,1
1054,summer 2016,91,2
1055,funky,30,1
1056,Current,138,2
1057,NC,85,2
1058,End of Summer,16,1
1059,feelings,166,1
1060,Electronic,13,1
1061,Tunes ,30,1
1062,Oldies,75,1
1063,Rock,138,2
1064,rap,208,1
1065,Christmas :) ,20,3
1066,house,18,1
1067,Car Rides,84,3
1068,lu,10,1
1069,Dance,136,1
1070,Ma,184,1
1071,Playlist,44,1
1072,Classics,167,1
1073,weekend,143,1
1074,Acoustic ,54,1
1075,damn,22,1
1076,Rap/hiphop,23,1
1077,Adoracion,23,1
1078,Zumba,63,1
1079,Classical Study Music ‚Äì Classical Study Music,30,1
1080,alexa,25,1
1081,schleep,16,1
1082,Country,13,1
1083,Girl Power,55,2
1084,Gym Mix,143,3
1085,CD1,15,1
1086,Girls,11,1
1087,fireside,72,1
1088,jeep,14,1
1089,rock,24,1
1090,New songs,54,1
1091,Dance,49,1
1092,LANY,31,1
1093,New2,21,1
1094,Favorite Country,78,2
1095,Pop en espa√±ol,86,1
1096,country,177,1
1097,Dad!,27,2
1098,car,39,1
1099,stuff,56,1
1100,December 2016,42,1
1101,Rock,94,1
1102,Reggae,58,1
1103,WORKOUT!!,98,3
1104,R&B classics ,110,1
1105,all songs,38,1
1106,julie,46,1
1107,Blues,46,2
1108,Lets Dance !!!,33,1
1109,justin,22,1
1110,Kodak Black,15,2
1111,Praise Him,36,1
1112,Random,23,1
1113,Oldies,10,1
1114,Get It,21,1
1115,old,58,1
1116,Bass. ,7,1
1117,car,143,1
1118,house,13,1
1119,Old Jams,59,1
1120,spanish jams,14,1
1121,shower,15,1
1122,REPEAT ,104,1
1123,Folk,26,1
1124,Summer 2017,22,1
1125,summer music ,76,1
1126,Gabriel,153,2
1127,gym list,81,1
1128,Chilly,24,1
1129,Hype,23,1
1130,SENIOR YEAR,74,1
1131,Summer,17,1
1132,running 3,54,1
1133,Christian songs,47,1
1134,WS,12,3
1135,Taylor swift,62,3
1136,Alternative Rock,126,1
1137,bump,102,2
1138,Classic Rock,173,1
1139,Christmas ,12,1
1140,Norte√±as,129,1
1141,J Cole ,35,1
1142,Latin,76,1
1143,My Music,136,3
1144,Emo,84,1
1145,TurnUp ,39,1
1146,Upbeat Country,76,1
1147,church songs,101,2
1148,superman.,54,2
1149,Alternative,29,1
1150,Workout,90,1
1151,memes,116,2
1152,TX,12,1
1153,Chill,21,2
1154,FF,181,1
1155,Rap,33,1
1156,Punk,104,8
1157,------,166,1
1158,Chill,49,2
1159,Shower songs,131,1
1160,jams,46,1
1161,country favs,57,1
1162,LIT,73,1
1163,september ,19,1
1164,Rock,79,1
1165,90's music,64,1
1166,Nice,103,1
1167,BANGERZ,174,1
1168,#tbt,29,1
1169,The PLayliSt,94,1
1170,Best,176,1
1171,Ibiza 2017,171,1
1172,Workin',53,1
1173,Indie Mix,45,1
1174,oldies,107,2
1175,Kendall,87,1
1176,feels,134,1
1177,Oldies,28,2
1178,Running,62,1
1179,hoco,87,1
1180, punk,67,1
1181,Run,55,1
1182,Trap,56,1
1183,Electric Love,86,4
1184,workout,42,1
1185,wedding playlist,43,2
1186,Mondays,34,3
1187,Sept 2016,48,1
1188,old bops,20,1
1189,Marathon,34,1
1190,90's,26,1
1191,today,37,1
1192,The Glitch Mob,25,4
1193,My music ,29,1
1194,calm,33,1
1195,Jesus music,58,1
1196,Taylor,12,1
1197,Tunes,22,1
1198,Waves,35,1
1199,meh,60,1
1200,other,10,1
1201,Baby Making Music,40,1
1202,Rap,23,1
1203,Spanish,50,1
1204,I guess.,20,1
1205,mood,152,4
1206,wes,87,1
1207,Elliott,53,1
1208,Random,12,1
1209,Booty,47,1
1210,Obsessions,70,2
1211,calm,40,1
1212,Nov 2017,83,1
1213,my heart,38,1
1214,Rando,111,2
1215,Banda ,67,1
1216,THE Playlist,43,1
1217,90s Rock,51,3
1218,Beach,65,2
1219,Slow Jams,161,2
1220,Reggae,189,1
1221,most wonderful time of the year,29,2
1222,Rap,25,1
1223,Breakup Songs,27,1
1224,Ehh,35,1
1225,happy,27,1
1226,summer 17,38,1
1227,oldies but goodies,162,2
1228,Best songs,100,2
1229,gopro,81,3
1230,JP,5,1
1231,airplane mode,5,1
1232,Rock,81,3
1233,alt,65,1
1234,Dance Dance,46,1
1235,Mood,23,1
1236,BSO,18,1
1237,üôèüèæ,187,1
1238,happy chill,36,1
1239,lit,27,2
1240,country,32,1
1241,Rob,55,2
1242,Spanish Music,57,1
1243,Country,112,1
1244,Current,20,1
1245,christmas,60,1
1246,New,24,1
1247,Throwbacks,122,1
1248,country,125,2
1249,Sad,20,1
1250,Electric,32,1
1251,Random!,45,1
1252,Super chill,38,1
1253,Car mix,47,1
1254,chinese,26,1
1255,old jams,168,1
1256,Christmas Time,26,1
1257,40th ,96,1
1258,My List,36,1
1259,Disney,23,1
1260,Shower,25,1
1261,IDGAF,53,2
1262,Happy mix,15,1
1263,Alt,32,1
1264,Try Me,29,1
1265,Bumpin',94,1
1266,sad,36,1
1267,Painting,16,1
1268,Mad,11,2
1269,mix,63,1
1270,Chill,56,1
1271,Paisa,156,1
1272,Slow Dance,24,1
1273,tailgate,97,1
1274,Light,24,1
1275,Worship Music,92,1
1276,FIREFLY 2016,196,2
1277,2015 Top Tracks,100,2
1278,House Warming,44,1
1279,From me to you,60,1
1280,childhood,45,1
1281,New Wave,59,1
1282,Fall 2017,57,2
1283,Help. ,41,1
1284,august 2015,33,1
1285,Noosa Tastiest Playlist,24,1
1286,Corridos ,67,1
1287,Spanish Music,39,2
1288,new alt ,118,1
1289,Chill ,208,2
1290,The good stuff,8,1
1291,80s Pop,24,1
1292,Drugs,66,1
1293,Bangerz,43,3
1294,Trap,113,1
1295,getting ready,106,2
1296,HALLOWEEN,110,1
1297,Get Psyched Mix,19,1
1298,erin,32,1
1299,country,99,2
1300,Light,133,1
1301,Girls,161,1
1302,Country,21,1
1303,Its a Trap,78,1
1304,EDM,69,1
1305,J'Adore,77,1
1306,wedding songs,20,1
1307,3am,21,2
1308,rap stuff.,34,2
1309,Jammin,194,1
1310,Wanderlust,52,4
1311,Summertime ,39,20
1312,chill,62,2
1313,Fun,51,2
1314,Vermont,110,2
1315,saturday morning,68,1
1316,Hotel California,54,1
1317,Yacht Rock,31,1
1318,warming up,109,2
1319,cameron ,10,1
1320,can i kick it?,20,1
1321,Bailando,32,1
1322,billy,7,1
1323,BLAST from the PAST,140,2
1324,New stuff,214,1
1325,Love love,41,1
1326,Gaming,144,1
1327,Counting Crows,78,1
1328,Country,201,1
1329,montage,21,1
1330,car rides,25,1
1331,March,132,1
1332,Sadness,16,1
1333,Party,51,1
1334,my,110,1
1335,AM,108,1
1336,May '17,13,1
1337,Pool Party,18,2
1338,Karen,24,2
1339,Rock,217,1
1340,Slow jams,228,2
1341,in my feels,69,1
1342,Praise,45,1
1343,Stuff,135,1
1344,remix,18,1
1345,Chill Vibes ,152,1
1346,fall 2016,31,1
1347,Up,209,1
1348,Summer playlist,29,1
1349,down in the dumps ,57,2
1350,Country Roads,50,1
1351,summer,59,1
1352,Spring,28,2
1353,Practice,34,1
1354,im,19,1
1355,Party,132,2
1356,Nico,28,1
1357,Drive ,11,1
1358,singalongs,25,1
1359,road trip:),27,1
1360,Country Favorites,61,1
1361,Old School,50,4
1362,Download,49,2
1363,arizona,42,2
1364,Disney,46,1
1365,Disney,42,1
1366,Christmas,49,1
1367,Musicals,230,3
1368,chill,100,1
1369,2014,85,1
1370,rad,7,1
1371,breathe,190,1
1372,INDIE,93,1
1373,Baseball,10,1
1374,Harvest Moon,38,1
1375,Good Vibes,237,7
1376,now,28,1
1377,Heart Of Gold,12,1
1378,Christmas,13,1
1379,Be Mine,105,2
1380,Hips Don't Lie,40,1
1381,Alternative,180,2
1382,winter 2015,13,1
1383,pow pow,103,1
1384,80's,134,1
1385,hsm,31,1
1386,May 2016,21,1
1387,chill,11,1
1388,rock,144,1
1389,Movie music,105,3
1390,throwbacks,62,1
1391,california,194,1
1392,Autumn Playlist,21,1
1393,Class,53,1
1394,NEW,8,1
1395,Ayy,22,1
1396,Hip-Hop,28,1
1397,DANCE,37,1
1398,T√ºrk√ße Slow,68,1
1399,Frozen,10,1
1400,Slow Jamz,24,1
1401,BK,17,2
1402,Me,102,2
1403,worship ,87,1
1404,Eminem,86,2
1405,idek,19,1
1406,Hip-Hop,237,2
1407,christian,232,2
1408,feels,51,1
1409,jamz,197,2
1410,back to school,48,1
1411,Dance Club,49,2
1412,90s,74,3
1413,90's Hits,101,1
1414,booze cruise,40,1
1415,summa summa,42,2
1416,Yeah,12,1
1417,Party,80,1
1418,fire,43,1
1419,mmm,51,1
1420,Old,88,2
1421,Relax,39,1
1422,Sam,8,1
1423,Hood,235,3
1424,October 2015,42,1
1425,Goodies,138,1
1426,Latino,45,1
1427,favorite worship,8,1
1428,Island Time,26,3
1429,Kill It!,24,1
1430,Rock mix,110,1
1431,Wake Up,35,1
1432,MVP ,36,6
1433,Summer ,29,3
1434,Camp,16,1
1435,throwback hits,47,3
1436,s o u l,19,1
1437,Country,132,1
1438,Gracie,46,1
1439,spanish jams,29,3
1440,French,22,1
1441,TriP hOp,25,1
1442,country,43,1
1443,fall,67,1
1444,Study,32,1
1445,best songs,100,1
1446,Workout,45,1
1447,üëåüëåüëå,55,1
1448,white girl music,120,1
1449,Paint,89,2
1450,road trip,24,1
1451,Best mix,42,1
1452,Glee Cast,67,1
1453,Country,152,2
1454,session,12,1
1455,Vibin',94,2
1456,weeknd,61,1
1457,Bus ride,68,1
1458,Disney,11,1
1459,summer,9,1
1460,oldies but goodies,80,2
1461,Country,202,1
1462,Fall,42,3
1463,You already know,58,1
1464,Road Trip,79,1
1465,FOR EMMA,23,1
1466,bumpin,23,2
1467,morning.,28,2
1468,chill,144,1
1469,chillout,52,2
1470,Fall 2017,32,1
1471,heaven,20,2
1472,fav rap :),31,1
1473,Rock/Alt,85,1
1474,2017,12,1
1475,good,18,1
1476,Teen Angst,183,1
1477,rap 1,10,1
1478,idk yet,11,1
1479,peter,31,2
1480,everything ,177,2
1481,jens,93,1
1482,jamzzz,246,2
1483,howdy ,18,1
1484,hawaii,42,1
1485,good music :),12,1
1486,chill jams,78,1
1487,Tropicales,141,1
1488,l o v e,15,1
1489,Dat new new,71,2
1490,Snowboarding,18,1
1491,Musicals,81,1
1492,70's,166,4
1493,/chill,75,1
1494,2015,50,1
1495,Classic country ,53,1
1496,Rap,98,1
1497,Straight Fire,98,5
1498,Just Chillin',59,1
1499,pop favorites,80,2
1500,Inspiration,44,1
1501,band songs ,91,1
1502,spanish playlist,14,1
1503,L1,32,1
1504,Country,74,1
1505,Oldies But Goodies,17,1
1506,pole,32,1
1507,Oldies,37,1
1508,Morning,11,2
1509,Mine,40,1
1510,nostalgic,68,1
1511,Q2,34,1
1512,Mine,54,1
1513,May,28,1
1514,Easy Listening,72,1
1515,Vallenato,71,1
1516,Throwback,66,2
1517,worship,41,1
1518,Happy Hardcore Top 100,100,1
1519,litty,62,2
1520,Warmup,21,1
1521,yoga ,32,1
1522,Work in progress,126,6
1523,Baking,26,1
1524,post rock,5,1
1525,üî•üî•üî•,116,1
1526,holiday cheer,167,1
1527,Feels,35,1
1528,Beatles,202,1
1529,Rancheras,59,2
1530,ThrowBack Pop ,80,1
1531,meditate,47,1
1532,Electronic,131,1
1533,background noise,11,2
1534,wedding playlist,31,2
1535,Spanish,8,1
1536,fall 2015,97,1
1537,older songs,30,1
1538,BOMB,43,1
1539,2009,34,1
1540,New,64,1
1541,Sleep,45,1
1542,high school,20,1
1543,unknown,163,1
1544,vibe,40,6
1545,work out,21,1
1546,throwbacksss,70,1
1547,Kids Playlist,58,1
1548,pregame ,54,1
1549,<3,23,2
1550,2017,99,1
1551,Afrikaans,144,4
1552,Christian Playlist,52,1
1553,slowmotion,58,1
1554,summer,15,1
1555,Jamie,51,2
1556,Favorite songs,30,1
1557,My High-Intensity Workout,17,1
1558,Good Country,152,2
1559,‚ù§Ô∏è,31,1
1560,serenity,149,1
1561,H2O,43,1
1562,Electronic,7,1
1563,Pole,241,2
1564,Current,161,1
1565,Hawaii ,45,1
1566,my favorite songs,68,1
1567,November 2016,60,2
1568,Rap / hip hop,123,2
1569,workout ,16,1
1570,study!,230,2
1571,Sleep,177,1
1572,workout,73,2
1573,Peace Out,16,1
1574,Best of 2016,83,2
1575,Good Music,20,1
1576,Camp,21,3
1577,current,36,1
1578,Roadtrip,72,1
1579,car ride,33,1
1580,Fall,40,1
1581,80s jams,37,1
1582,Party,74,2
1583,Wedding,172,1
1584,HITS,170,1
1585,Country,224,1
1586,Love,17,1
1587,Cloudy Days,41,1
1588,üî•üî•,103,1
1589,mood,17,2
1590,oldies,38,2
1591,study,81,2
1592,Kid,57,1
1593,Intense,69,1
1594,NKOTB,116,2
1595,Good stuff,41,1
1596,Favorite Country,30,1
1597,Chill music,38,1
1598,old,24,1
1599,chill,98,1
1600,skrt skrt,20,1
1601,yay,16,1
1602,SEPTEMBER '17,31,1
1603,july 2016,46,1
1604,sum17,83,2
1605,Country,178,2
1606,youtubers,10,1
1607,sleeps,61,1
1608,Country,162,6
1609,Yacht Rock,32,2
1610,rage,124,3
1611,fallen,53,1
1612,Sunday,56,1
1613,Chill,46,2
1614,atmosphere,52,1
1615,70s,52,1
1616,Run,40,1
1617,Chill,246,1
1618,Alternative,129,1
1619,Party Country,19,1
1620,Christian Music,50,1
1621,Dance,39,1
1622,Country,80,1
1623,mix,60,1
1624,Christian,29,1
1625,NYE,53,1
1626,Summer17,139,2
1627,LIT,200,1
1628,2016,161,1
1629,2017 spring ,58,6
1630,Closer,65,1
1631,2017 Summer,14,1
1632,HS,48,1
1633,//Pretty Little Liars//,63,3
1634,Rap,96,1
1635,sad boi,118,2
1636,Best,39,1
1637,Party Tunes,33,1
1638,VOODOO,27,1
1639,Classics,21,1
1640,Soul/Blues,31,1
1641,Pregame,46,1
1642,driving music ,236,1
1643,Yellow Claw,21,2
1644,Bump,65,1
1645,PREGAME,46,1
1646,Rosa,22,1
1647,Party,176,2
1648,Kai,102,2
1649,Jesus music,190,1
1650,May,77,1
1651,Urbano,81,1
1652,Run Run Run,30,2
1653,LONDON!!!,22,1
1654,lib,66,2
1655,latin mix,35,1
1656,dad,42,1
1657,About Time,16,1
1658,Throwback,67,2
1659,muzic,26,1
1660,Lounging,83,1
1661,Summer Camp,9,1
1662,hmmm,23,1
1663,My Hits,106,1
1664,Dad Rock,95,4
1665,Sophie's Playlist,54,5
1666,Summa,97,1
1667,hip hop,227,1
1668,Beats,235,1
1669,summer 16,79,2
1670,THE MIX,62,2
1671,worship,49,1
1672,SEX PLAYLIST,31,2
1673,WIP,19,4
1674,Chill rap,21,2
1675,a good playlist,28,1
1676,Too Good,42,1
1677,Country mix,27,1
1678,5K,32,1
1679,MDW,41,1
1680,that good good,47,1
1681,Country,54,1
1682,New,21,1
1683,gabrielle ,30,1
1684,carpe diem,113,1
1685,Country,25,1
1686,Playlist,34,1
1687,Workout,63,1
1688,SPRING!,26,1
1689,Study ,170,3
1690,Christmas,88,1
1691,work,106,1
1692,Brandon,26,1
1693,vroom,110,1
1694,car,39,1
1695,essentials,43,1
1696,party?,33,1
1697,2017,11,1
1698,Movie Soundtracks,54,1
1699,Offline,15,1
1700,Chill Music,27,1
1701,Female Vocals,62,1
1702,Skrt,56,2
1703,fall,84,1
1704,Electric,38,1
1705,Country 1,19,1
1706,Weekly,53,1
1707,Paige,19,2
1708,Franz√∂sisch,32,1
1709,Gym,117,2
1710,Work,26,1
1711,Worship,28,1
1712,dance,89,1
1713,summer 2k17,168,1
1714,SiNgInG sOnGs,15,1
1715,sleepytime,99,1
1716,snowboarding,8,1
1717,Inspiration,25,2
1718,thai,98,5
1719,Yuridia,93,2
1720,Finesse,20,1
1721,DUB,45,1
1722,Gospel Mix,67,1
1723,Work Out,63,1
1724,country,37,1
1725,BBQ,40,1
1726,Old music,64,1
1727,Nate,26,1
1728,old soul,104,2
1729,Do I Wanna Know?,11,3
1730,Snowboarding ,81,2
1731,Disney,55,1
1732,Quirky ,29,1
1733,oldies,19,1
1734,Classics,132,1
1735,Yas,26,1
1736,Reggaeton,40,5
1737,yaaas,44,2
1738,‚ù§Ô∏è,14,1
1739,escuela ,93,2
1740,Chill,64,1
1741,Shredding,110,4
1742,Remixes,55,1
1743,MH,23,1
1744,Rock,42,1
1745,mar,168,3
1746,broadway,28,1
1747,90's,9,1
1748,september,63,1
1749,Sorry,59,3
1750,No Limit,14,87
1751,partay ,92,1
1752,leggo,32,1
1753,classico,16,1
1754,sad,23,1
1755,sad song,9,1
1756,Country,159,1
1757,washed out,8,1
1758,Pump,26,1
1759,Flashback,67,1
1760,Calming songs,8,1
1761,Relax,103,2
1762,Summer 2013,60,1
1763,sia,15,1
1764,woohoo,56,1
1765,carride,23,1
1766,Musicales,204,1
1767,Good Music,212,15
1768,Wedding Dinner Music,26,1
1769,Chill,11,1
1770,May 2015,17,1
1771,Groovy,72,1
1772,Alternative/Rock,86,6
1773,Chill,130,2
1774,warrior,5,1
1775,hyfr,206,4
1776,no lyrics,79,1
1777,Spotify.Me,38,1
1778,Party,225,3
1779,Bet,78,1
1780,‚ù§‚ù§‚ù§,165,2
1781,christian.,153,1
1782,The Game,16,1
1783,// Drive,171,2
1784,Hindi,30,1
1785,Canciones,19,1
1786,Yeah,50,1
1787,settle down,65,1
1788,Way Back When,187,3
1789,I'm sorry,35,3
1790,Lust,16,1
1791,Garage,177,7
1792,Florence + The Machine,76,1
1793,Bonfire!!,51,1
1794,Work Music,53,1
1795,EDM,18,1
1796,songs to sing to,43,1
1797,Covers,40,1
1798,hoco,110,1
1799,September 2016,56,1
1800,party 2,38,1
1801,Tom,28,1
1802,4AM,60,1
1803,lake,53,2
1804,House,33,1
1805,camp,20,1
1806,Disney,107,1
1807,Feeling myself ,36,1
1808,Holiday Party,57,1
1809,now,20,4
1810,Jams,63,1
1811,BEAST MODE,101,2
1812,...mind,104,3
1813,Rap,169,1
1814,march '17,181,1
1815,fun,68,4
1816,lift,52,1
1817,beats,45,2
1818,Jazz Mix,19,2
1819,Mom,11,1
1820,Ceremony Music,18,1
1821,car ride,93,2
1822,‚òÅÔ∏è‚òÅÔ∏è‚òÅÔ∏è,95,1
1823,New Years ,48,1
1824,getting ready,149,10
1825,Jesse,223,4
1826,reggaeton,66,4
1827,Now,222,1
1828,My Favorites,201,1
1829,AM,77,2
1830,cd,61,1
1831,Good Music ,111,1
1832,workout,27,1
1833,Driving,28,4
1834,Coke Studio,48,1
1835,Suicide Squad,15,1
1836,Musica,164,1
1837,Chill,10,3
1838,this,77,1
1839,Classic,11,2
1840,Vibes,50,1
1841,getting ready,134,1
1842,Running,115,3
1843,Relaxing ,39,1
1844,Lindsey Stirling,41,2
1845,The Cave,20,1
1846,All Good,78,1
1847,Jam,15,1
1848,Flawless,28,4
1849,Sleepy ,52,2
1850,‚ùÑÔ∏è,13,1
1851,mmm.,182,1
1852,January 2016,42,2
1853,Jammin',146,1
1854,kids songs,6,1
1855,Music,81,1
1856,Pitbull,171,1
1857,Throwbackkkk,183,2
1858,smiles :),32,2
1859,Island Vibes,31,1
1860,100,54,1
1861,workout,32,3
1862,bed time ,190,2
1863,cole,65,1
1864,Slapz,69,1
1865,Pool,100,1
1866,In the Name of Love,142,1
1867,Trap,50,2
1868,alive,38,1
1869,Workout!,145,2
1870,HAPPY PLAYLIST,11,1
1871,chill edm,48,1
1872,Eminem,51,2
1873,Chill,68,8
1874,scott,91,1
1875,mmmm//,68,1
1876,TX Country,133,1
1877,vibrations ,62,1
1878,Rave,59,1
1879,Zzzzzzzz......,33,4
1880,Happiness,67,1
1881,Italy,18,1
1882,sound of silence,38,1
1883,Texas Country,154,1
1884,üíØüíØüíØ,103,1
1885,Summer of Love,41,1
1886,day to day ,94,1
1887,Saturday,39,1
1888,hmm ,25,1
1889,Stay awake,8,1
1890,üíóüíóüíó,46,3
1891,setlist,32,1
1892,Summer17,17,1
1893,Sexual,88,5
1894,bump,122,1
1895,Michelle,25,1
1896,RECENT,134,4
1897,sick tunes,77,1
1898,Chillin,62,4
1899,Classics,32,1
1900,Chill,67,1
1901,songs i like,135,1
1902,Country Lovin,101,1
1903,Newer stuff ,17,1
1904,funk,6,1
1905,Rap,71,1
1906,party,117,1
1907,idk man,45,82
1908,Banda,17,2
1909,vibin,176,1
1910,inspiring,32,1
1911,Sabina,105,1
1912,mmm,20,1
1913,Black Beatles,69,1
1914,You&Me,5,1
1915,country,23,1
1916,yee,91,1
1917,yes,11,1
1918,yoga,35,1
1919,Pop/Chill,33,1
1920,Feel Good Songs,8,1
1921,Idk,52,3
1922,snowboarding,27,1
1923,Childhood Jams,196,23
1924,Par-Tay!,80,4
1925,For You,87,1
1926,feels,64,1
1927,.15,20,1
1928,Jam Songs,12,1
1929,Working,20,1
1930,Spring 2012,30,2
1931,throwback,22,5
1932,Demons,96,1
1933,ghana,106,1
1934,alt,91,1
1935,mhm,176,3
1936,chillen,35,1
1937,Vibez,76,1
1938, Rock.....,57,1
1939,SEX,16,1
1940,Black,26,1
1941,Gospel,54,1
1942,Summer ,62,2
1943,GUILTY PLEASURES,36,1
1944,Afrobeats,127,1
1945,Happy :),117,2
1946,pregame,111,3
1947,workout 2,120,1
1948,Rock,18,1
1949,Old School R&B,165,1
1950,Electronic,16,1
1951,Classical,121,2
1952,...chill_out...,35,1
1953,POST,53,1
1954,Drake,186,2
1955,Feel Good,120,1
1956,‚ô°‚ô°‚ô°,43,1
1957,summer,110,1
1958,HYPEBEAST,36,1
1959,random ,8,1
1960,New Beginning. ,82,2
1961,lit,24,4
1962,Christmas Party,132,3
1963,Vinyasa,9,1
1964,NewNew,104,2
1965,Ash,12,1
1966,üî•üî•üî•üî•,232,1
1967,HSM,20,1
1968,ye,7,1
1969,Russ ,55,2
1970,Summer country,28,1
1971,dat new new,112,1
1972,You and me,79,1
1973,Red Bull Editions Coachella Playlist,21,1
1974,quiet ,86,1
1975,2015 Top Tracks,101,1
1976,Lollapalooza 2016,80,1
1977,whatever,36,1
1978,different,79,1
1979,Kickball,22,1
1980,TBT,28,3
1981,outside ,25,1
1982,Christmas,21,1
1983,Late,29,2
1984,New,55,1
1985,MEDITATION,36,1
1986,Ceremony,8,1
1987,Rock music,15,1
1988,hits,102,1
1989,oldies but goodies,35,2
1990,PARTY PEOPLE,35,1
1991,the feels,47,1
1992,Pop Hits,212,4
1993,Listen,60,2
1994,Paradise,15,1
1995,woo,146,2
1996,NEW YEARS ,38,1
1997,JESUS,40,2
1998,yep,29,1
1999,Sad Music ,16,1
2000,party party,152,1
2001,summer,11,1
2002,Rap,221,4
2003,#tb,35,1
2004,Disney,20,1
2005,sad,46,1
2006,#Lifting ,86,1
2007,Spain,17,1
2008,go to :( ,82,14
2009,Rap,19,1
2010,Pump up,68,1
2011,beach vibes,23,1
2012,bt,24,1
2013,On the go,155,1
2014,Chill,90,4
2015,üî•üî•üî•,19,1
2016,üî•üî•,17,1
2017,JOHN MAYER,50,1
2018,drive,73,1
2019,Youtube,23,1
2020,Good vibes,28,1
2021,Chill Rap,73,1
2022,This Is What You Came For,9,1
2023,Rap,13,1
2024,beachin,27,1
2025,work,38,1
2026,Country,28,1
2027,Werk,77,3
2028,april 2017,19,2
2029,February 2017,18,1
2030,popcorn,10,2
2031,Music,61,1
2032,** some tunes,14,1
2033,Shred,29,1
2034,2015 Top Tracks,100,1
2035,Vocaloid,29,2
2036,The Best Songs,60,1
2037,Rando,67,2
2038,spanish,65,1
2039,Love <3,164,1
2040,Beep Boop,51,2
2041,Random tunes,40,1
2042,Throwback,46,1
2043,Work B**ch,170,3
2044,country,150,1
2045,new country,145,1
2046,Showerüöø,45,2
2047,christmas time ,178,2
2048,sad,16,1
2049,Spanish,132,1
2050,Beach day,93,4
2051,energy,67,1
2052,what ,40,1
2053,reggae/ska,33,1
2054,hate,29,1
2055,Instumental,89,1
2056,Taxi!,17,1
2057,STuDy,73,1
2058,Wait,20,1
2059,Christian Favs,20,1
2060,House,80,1
2061,tagalog songs,70,1
2062,goodies,33,3
2063,Christmas jamz,74,2
2064,simpin :(,33,1
2065,Workout,20,1
2066,Love,77,1
2067,rappy,89,1
2068,DAt new new,76,5
2069,Fiji,53,2
2070,222,48,1
2071,GALa,116,5
2072,Lit ,39,1
2073,oldies but goodies,75,1
2074,Tejano,41,1
2075,K pop,32,2
2076,Spring 17,28,1
2077,lento,85,3
2078,bangers,37,1
2079,Lullaby,47,1
2080,Old School Hip Hop,53,1
2081,R&B,210,1
2082,Random likes,41,1
2083,chill,100,1
2084,Random mix ,40,1
2085,Chill,20,1
2086,Feels,139,1
2087,baby girl,57,2
2088,throwback,93,1
2089,layback,33,1
2090,favorito,113,1
2091,chill,208,1
2092,‚ùÑÔ∏è,94,3
2093,Heavy ,170,1
2094,Me,60,3
2095,Zen,34,1
2096,Thanksgiving,53,1
2097,New Jams,41,4
2098,logan,20,1
2099,Playlist,27,1
2100,halloween party!,87,2
2101,girly,19,1
2102,Perfect ,125,1
2103,Rap,59,1
2104,SUMMER VIBES,71,1
2105,work playlist,106,6
2106,FUNK,20,2
2107,Blessings,40,1
2108,Nostalgia,100,1
2109,Christmas,40,1
2110,The Vibe,35,1
2111,lit,40,1
2112,sweet 16!!,94,1
2113,hotel,23,1
2114,hockey,57,3
2115,Disney,79,2
2116,Molly,24,1
2117,Just the Best,130,1
2118,WORKOUT,32,1
2119,pool,44,1
2120,Spring break 2017,46,1
2121,Party,123,2
2122,melancholy ,11,1
2123,cruise,113,3
2124,Chill,49,2
2125,Sleep,31,1
2126,Simp,48,2
2127,Lit,80,1
2128,slaylist,28,1
2129,Irish,9,1
2130,new.,21,1
2131,80s,90,5
2132,Calvin Harris - 18 Months,17,1
2133,The Drive.,70,1
2134,Country,56,1
2135,old country,153,1
2136,Red Hot chili peppers ,25,1
2137,best songs ever ,151,3
2138,Guilty Pleasures,13,2
2139,merp,138,1
2140,Workout Playlist,23,1
2141,2013,56,1
2142,Adri,26,1
2143,Cruisin,28,1
2144,the good stuff,71,5
2145,work,124,1
2146,Beachy,51,1
2147,new,147,1
2148,jams,27,1
2149,Laid Back,92,2
2150,dope,104,1
2151,throwback jamz,29,1
2152,Car Tunes,88,1
2153,why not,136,1
2154,A3,18,2
2155,vibes,27,3
2156,Acoustic,33,1
2157,Martin,14,1
2158,Running,72,1
2159,18,27,1
2160,Hard Rock,131,1
2161,sing,38,1
2162,90's,149,1
2163,80's Hits,52,1
2164,Chill Fam,163,3
2165,Favorite Songs of ALL TIME,58,1
2166,üèÉüèº‚Äç‚ôÄÔ∏è,36,2
2167,relax ,16,1
2168,rock,20,1
2169,Feel Good Country,97,1
2170,"Tyler, The Creator",89,1
2171,Replay,134,2
2172,day,25,1
2173,Slow Songs,30,3
2174,guilty pleasures,90,1
2175,Summer 2017,87,1
2176,Country,55,1
2177,dance,28,1
2178,Country love songs,13,1
2179,breezy,46,1
2180,2014,42,1
2181,vibe with me,108,1
2182,Covers,34,1
2183,NYE,246,2
2184,Sleepy,27,1
2185,sun,28,1
2186,New play,70,1
2187,rock,83,1
2188,Alan Walker ‚Äî Faded,13,1
2189,Open,15,1
2190,Summer 2015,31,1
2191,Christmas Time,81,1
2192,BTS,67,1
2193,Clean,119,1
2194,jams,56,2
2195,Tejano ,174,1
2196,instrumental,58,1
2197,Sky,151,1
2198,tops,122,1
2199,New Years,29,1
2200,electro,23,2
2201,shower,17,1
2202,chill,152,2
2203,Dance Songs,13,1
2204,my life,70,4
2205,Hip Hop/Rap,176,2
2206,chill bro,71,2
2207,On Fleek,44,3
2208,mix,93,1
2209,Girl Power,159,1
2210,Main list ,216,3
2211,Offline,53,1
2212,kobe,82,1
2213,christmas,209,2
2214,Spring Break 2015,47,1
2215,country ,58,1
2216,Worship Him ,137,5
2217,classics,42,2
2218,Summer 2014,85,1
2219,Rock,159,1
2220,OOF,23,1
2221,üëÖüëÖ,27,1
2222,alternative,35,1
2223,Chill,24,3
2224,Punk Rock,75,1
2225,Musik,89,1
2226,Soph,58,4
2227,80s,36,1
2228,Fall,54,2
2229,Max,38,1
2230,CLASSICAL,24,1
2231,Rap,191,1
2232,Fun.,64,1
2233,New list,134,1
2234,Country,93,3
2235,Hip Hop,67,1
2236,Home,43,2
2237,123,9,1
2238,rain.,71,1
2239,Frenchy,28,1
2240,Naptime,39,1
2241,hood,31,1
2242,Jammin,41,1
2243,musicals ,59,1
2244,oldies,30,1
2245,Rock Brasileiro,40,3
2246,Experimental,126,1
2247,STEF,58,1
2248,SAUCE ,68,2
2249,November. ,26,1
2250,oldies but goodies,66,3
2251,EDM,77,1
2252,new year,36,1
2253,Adventures,55,2
2254,hmmmm,29,1
2255, coffee shop,52,1
2256,DC,47,1
2257,Bedtime,37,1
2258,September 16,16,1
2259,Electro,38,1
2260,TBs,107,1
2261,Good Music,102,1
2262,Lil Wayne ,105,6
2263,norte√±as,131,1
2264,Austin,21,1
2265,Princess,24,1
2266,Summer,24,1
2267,Latino,23,2
2268,L'Amour,44,1
2269,basketball,69,1
2270,Top 5,18,1
2271,Poolside,49,3
2272,partayyy,14,2
2273,22,31,2
2274,Throwbacks,150,1
2275,feel good ,98,1
2276,Pitch Perfect,36,2
2277,Hip hop,33,1
2278,Simplicity,154,1
2279,My Country,158,1
2280,country feels,38,1
2281,Drive,117,2
2282,ZONE,35,43
2283,amor,19,1
2284,indie folk,214,1
2285,selah,35,3
2286,Drive,25,1
2287,chill,52,1
2288,the new new,223,1
2289,chill,24,1
2290,Get Hype,19,1
2291,riding,79,1
2292,Driving,122,1
2293,XMAS,75,1
2294,Liked,56,2
2295,R&B,39,1
2296,sad,37,1
2297,new,215,1
2298,hits,34,1
2299,lit,22,1
2300,new,66,2
2301,Wedding Tunes,25,1
2302,Rock out with your cock out,71,1
2303,Muse ,29,1
2304,Throwback Jams,198,3
2305,Yonce,55,3
2306,country,54,1
2307,Ariel Camacho,42,1
2308,2016,93,1
2309,Worship,116,3
2310,Romeo santos,68,1
2311,TB ,67,1
2312,Mine,82,1
2313,Oldies,33,1
2314,Relaxing ,62,1
2315,out,176,1
2316,My Country,91,1
2317,always good,61,1
2318,indie mix,236,1
2319,welcome back,18,6
2320,Bad ass,85,1
2321,Summer Songs,76,1
2322,hip hop / rap,114,1
2323,golf,92,1
2324,Pop Punk,207,1
2325,EDM ,138,1
2326,bumpin,110,1
2327,Personal favorites,142,1
2328,Sesh,39,1
2329,Alpha,162,1
2330,brrr,12,2
2331,gym ,148,1
2332,chillll,112,1
2333,Hardcore ,37,1
2334,Fun,44,2
2335,friends,94,1
2336,ben,224,2
2337,Acdc,15,2
2338,Scottish,16,1
2339,Nu,183,1
2340,Bonjour :) ,103,1
2341,Oldies,103,1
2342,‚ÄºÔ∏è,120,1
2343,Spring 2017,19,2
2344,Christmas,16,1
2345,Bonitas,91,1
2346,MUSIC! ,109,1
2347,life,39,1
2348,Turnip,45,1
2349,222,75,27
2350,18,13,2
2351,‚ù§Ô∏è,86,2
2352,current mood,76,3
2353,Country Love,22,3
2354,Christian,83,1
2355,tunes,108,1
2356,Christmas,20,1
2357,oldies ,38,1
2358,Work out,55,2
2359,download,67,1
2360,Zone Out ,9,1
2361,Oldies,38,2
2362,throwback,13,1
2363,Workout,69,1
2364,rainy days,62,2
2365,Vibe with me,151,6
2366,Chill,94,1
2367,praise and worship ,81,2
2368,Wonderwall,33,1
2369,üëåüèø,115,1
2370,Where is MY Mind?,9,1
2371,concert,48,1
2372,summer,21,1
2373,car,140,1
2374,stuff,34,3
2375,Hap,56,1
2376,CHRISTMAS,7,1
2377,Perfect,42,1
2378,Classics,103,2
2379,mom,42,1
2380,Mama,13,1
2381,in the moment,9,1
2382,Rap,48,1
2383,June 2013,13,1
2384,Today's Hits,82,1
2385,Favs <3,53,2
2386,Travel,8,1
2387,chill,41,1
2388,Christmas,29,2
2389,Indie Pop,87,1
2390,Mix,226,2
2391,DriVE$,73,3
2392,Riri,10,1
2393,remix,37,2
2394,Mello,17,1
2395,summer driving,45,2
2396,Boom,41,1
2397,First Dance,6,1
2398,Because,114,16
2399,Reggae ,114,1
2400,Engagement Party,87,1
2401,Florence + The Machine,42,2
2402,worship,22,1
2403,Sense,53,2
2404,in love,81,1
2405,Xmas,58,1
2406,Epic,17,1
2407,Concentration,63,1
2408,Bachata,29,1
2409,Slow it down,10,1
2410,Random,37,1
2411,Summer14,13,1
2412,Random,23,1
2413,yee haw,156,1
2414,go to,24,1
2415,RunAway..!,15,1
2416,ride,24,44
2417,Goa,47,1
2418,workout,75,1
2419,Dance Class,17,1
2420,Feel Something ,33,1
2421,aidan,37,5
2422,Rock,159,2
2423,fnaf,28,1
2424,Oldies,45,3
2425,class,13,2
2426,Fuego,73,1
2427,Tropical,55,1
2428,Here You Go,72,1
2429,21,71,1
2430,fun,10,1
2431,pump up,73,1
2432,Club,94,7
2433,Mixed,28,1
2434,low~,19,1
2435,sophie,154,5
2436,90s Party,198,1
2437,Kpop,28,2
2438,November 2016,24,2
2439,NCS,49,1
2440,R2,20,1
2441,chill,48,1
2442,Youth,242,3
2443,sleep ,11,1
2444,vibin,51,1
2445,OLDIE,80,1
2446,throwback,49,4
2447,good,91,1
2448,smr,130,1
2449,Only You,118,1
2450,funky,49,1
2451,Awesome music,16,1
2452,Papa,52,2
2453,Why Not,135,1
2454,Requiem,42,1
2455,Old School,65,3
2456,gas,38,1
2457,chill,46,1
2458,abroad,34,1
2459,Mom,45,2
2460,winter,35,1
2461,dancehall,39,5
2462,favss ,30,1
2463,newbie,45,2
2464,Chill,232,3
2465,MICHAEL BUBL√â,24,2
2466,Rage!,55,1
2467,DRIVING ,27,2
2468,the chill,38,3
2469,Reggae,30,1
2470,my,41,1
2471,lit af,12,1
2472,Autumn,12,1
2473,Misty,69,1
2474,80s,115,1
2475,‚ù§Ô∏è‚ù§Ô∏è,103,1
2476,R&B mix ,67,1
2477,Alternative,230,2
2478,good stuff,156,2
2479,February ,142,1
2480,Jams,28,2
2481,Old School Hip Hop,34,1
2482,Hits,27,1
2483,Joanna,14,1
2484,Dance 1,9,1
2485,Partayyyy,114,2
2486,Mash up ,45,1
2487,disney,66,1
2488,Reggae Vibes,229,6
2489,Beast Mode,54,1
2490,Country,33,1
2491,Korean OST,147,2
2492,Country,123,2
2493,it's lit,34,1
2494,Latino,43,1
2495,October,45,1
2496,sleep,65,1
2497,music,21,1
2498,Cool Down,222,3
2499,beach day,49,1
2500,music i like,247,1
2501,Dreams,18,1
2502,Country playlist,186,2
2503,SUNDAY,136,1
2504,workout2,46,1
2505,country,198,2
2506,lost in translation ,70,3
2507,Emotions,24,1
2508,oldies,20,1
2509,idk,45,1
2510,Old School,5,1
2511,oldies,64,1
2512,Classic rock,42,1
2513,Gaming,83,2
2514,Eurodance,22,4
2515,lit,34,1
2516,Disco,123,2
2517,Cardio,52,1
2518,Just Give Me A Reason,42,2
2519,Stand Up,93,1
2520,Happy Happy Joy Joy,31,1
2521,latino ,57,1
2522,asdfghjkl,172,3
2523,Boat Music,26,2
2524,Gaming ,19,1
2525,holy,58,2
2526,Wander,15,1
2527,country,48,1
2528,Guilty Pleasure,18,1
2529,House,47,2
2530,emmy,66,1
2531,ALT ROCK,71,1
2532,MB,13,1
2533,Mood Music,21,1
2534,Vibes,215,1
2535,Feel Good,102,1
2536,Good times,151,1
2537,Drive,55,1
2538,2015 Top Tracks,100,1
2539,leonard cohen,30,2
2540,Hood,206,4
2541,New,130,1
2542,Christian Playlist,191,2
2543,Country,30,1
2544,Workout,22,1
2545,old school,143,2
2546,Noosa Tastiest Playlist,27,1
2547,tb,78,2
2548,uhhhh,7,1
2549,summer2k16,21,1
2550,Country,69,1
2551,PARTAYY,69,1
2552,over and over ,167,2
2553,happy,126,1
2554,Christmas <3,72,1
2555,new,12,1
2556,Worth It,144,2
2557,beats,95,1
2558,Leah,67,1
2559,Chill/Feels,106,2
2560,Christmas Music,20,1
2561,Vibes. ,208,1
2562,Real Hip Hop,152,2
2563,chill,14,2
2564,shower,26,1
2565,throwback jams,33,1
2566,99%,20,1
2567,summer,23,2
2568,GOO,31,1
2569,Sad songs,31,1
2570,Pool Party,57,1
2571,pump it up,71,2
2572,Once Upon A Time,53,1
2573,john mayer,37,1
2574,#boostyourrun,22,1
2575,Bachelor Party!!!,148,1
2576,Cumbia,14,1
2577,Beats,30,1
2578,Just for you,15,1
2579,Relax music,8,1
2580,Chill music,46,1
2581,Freestyle,62,1
2582,Reggae,19,2
2583,Chill Times,37,2
2584,Turn Up,68,1
2585,KPop,127,2
2586,party ,65,1
2587,yuh,39,1
2588,Halloween,91,1
2589,Flames,174,1
2590,Indie love,23,1
2591,PURO ROCK...,33,1
2592,mel,159,1
2593,September 16,41,1
2594,mine,5,1
2595,march 17,21,2
2596,wedding,47,1
2597,rap,69,1
2598,Too Close,29,2
2599,Music Midtown,60,1
2600,Rock/Metal,209,1
2601,Summer Country,55,3
2602,Singing songs,28,1
2603,fall vibes,89,1
2604,80's Baby,146,1
2605,Rap 2.0,78,2
2606,inspiration,65,1
2607,run,35,2
2608,K-Pop,22,1
2609,oldies,38,1
2610,mood ,17,1
2611,OBSESSION.,63,2
2612,tb,68,1
2613,60's,38,1
2614,workout,220,1
2615,Sleep,28,1
2616,Pop,54,1
2617,my music,35,1
2618,shower songs ,21,1
2619,Island music,61,15
2620,Pleasure,11,1
2621,Kids,80,1
2622,Chill,40,1
2623,Let's Get Lost,6,1
2624,Kuntry,146,1
2625,Country,76,1
2626,christian,34,1
2627,The Playlist,162,2
2628,Tori,34,1
2629,Classic Rock,76,1
2630,chill trap,110,1
2631,Yoga,27,2
2632,acoustic,29,1
2633,HIGH SCHOOL MUSICAL,19,1
2634,old skool,128,1
2635,fun,10,1
2636,workout,44,1
2637,Stuff,36,1
2638,Painting,50,3
2639,Run for your life!,100,1
2640,eclipse ,36,1
2641,Turn up,236,2
2642,Rainy Days,64,1
2643,Throwback Hits  ,52,1
2644,christmas time,40,1
2645,RENT ,56,1
2646,ü§ôüèºü§ôüèºü§ôüèº,50,1
2647,goodies,26,1
2648,YOU,25,1
2649,90s Rock,82,1
2650,oldies,50,1
2651,New Music,61,2
2652,favorite,49,1
2653,Marlene,35,1
2654,Bedroom jams,83,1
2655,AUTUMN,34,1
2656,quinn,9,1
2657,Summer,13,1
2658,sex,18,2
2659,classic chill,52,2
2660,good stuff,84,6
2661,The stuff,54,1
2662,Wiz Khalifa ,24,1
2663,Just Listen,80,2
2664,Real Music,65,1
2665,Mum,64,1
2666,halloween,36,1
2667,workout,22,1
2668,Work,27,1
2669,May 2017,80,1
2670,throwback,53,1
2671,Good Oldies,21,1
2672,90s,64,1
2673,Sick Beats,32,1
2674,musical theatre,19,1
2675,dat new new,96,1
2676,Popular Songs,120,3
2677,Summer 2015,74,1
2678,Travel Tunes,195,1
2679,On the Road,100,1
2680,All Songs,38,1
2681,HALLOWEEN,31,1
2682,feels,25,1
2683,‚ù§Ô∏è,50,2
2684,hip hop ,36,1
2685,sand,26,1
2686,on the road ,211,1
2687,2015,60,1
2688,Kelly,26,1
2689,Hip-Hop,13,1
2690,Love,7,1
2691,graduation,76,1
2692,olivia ,35,1
2693,Mellow,26,1
2694,Movies,14,1
2695,workout,18,1
2696,Gym Songs,96,1
2697,California,221,1
2698,January 2017,33,1
2699,Hiphop,44,4
2700,Rock,132,1
2701,Electronic,23,1
2702,Starlight,12,1
2703,Real Chill,30,1
2704,Classics,59,1
2705,litty,24,3
2706,the goods,53,1
2707,Lady Gaga,62,1
2708,pancho,133,1
2709,Ok,31,2
2710,Sweet,7,1
2711,lit list ,18,1
2712,september 16,20,2
2713,Rap ÔøΩÔøΩ,127,3
2714,Patriotic,5,1
2715,Rock,85,1
2716,Classic Rock ,132,1
2717,Country lovin',15,1
2718,work out,22,2
2719,hangout,56,1
2720,Brutal,18,1
2721,baddie,37,2
2722,princess,17,1
2723,Relax,28,1
2724,baby baby,79,3
2725,beach vibes,21,1
2726,"Because,",14,1
2727,Dad's playlist,30,1
2728,Addicted,194,1
2729,sad,20,1
2730,Merica,40,1
2731,pump up,35,4
2732,90s Country,72,1
2733,Country,52,1
2734,90's mix,144,1
2735,vale,50,5
2736,bliss,13,1
2737,Ceremony,25,1
2738,Country music,139,1
2739,Christian Jams ,59,1
2740,Rock,26,2
2741,slow dance,20,1
2742,edm,99,1
2743,Touch,68,1
2744,Adoracion,57,1
2745,violin ,11,1
2746,Daft Punk - Random Access Memories,16,1
2747,Car Playlist,38,1
2748,Alma,86,1
2749,Freshman,80,1
2750,summer hits,43,2
2751,Rancheras,136,1
2752,Jazz,86,2
2753,The Lion King,12,1
2754,Chillax,72,1
2755,Country rock,67,1
2756,Hi,73,3
2757,for you,15,1
2758,desi,67,1
2759,workout,106,2
2760,LOVE,35,1
2761,Christmas Music!!,31,1
2762,Pumped,57,2
2763,Reggae,129,1
2764,SynthWave,106,1
2765,Rap,36,1
2766,LDN,116,1
2767,Hop,14,1
2768,fire,23,2
2769,Party,33,1
2770,2017,8,1
2771,Spring 2017,172,2
2772,Alternative,169,1
2773,banda,107,2
2774,rappp,58,1
2775,space out,71,2
2776,feels,17,1
2777,panda,224,2
2778,Dubstep,15,1
2779,Praise him,26,1
2780,Devin,62,1
2781,july!,10,2
2782,Classic Rock,88,1
2783,Gameday,117,2
2784,Portland ,84,1
2785,Driving,12,1
2786,2015 Summer,187,2
2787,Jams,26,1
2788,workout,92,1
2789,Bruno Mars ‚Äì Unorthodox Jukebox,60,1
2790,Party,16,1
2791,Summer,45,1
2792,Chill out,158,10
2793,DANCE,69,1
2794,MEME,11,1
2795,Slow Jamz,37,1
2796,Recents,26,2
2797,September,67,1
2798,winter 2013,24,1
2799,Slow,45,2
2800,LitÔøΩÔøΩ,8,2
2801,The get down,27,1
2802,Summer,76,2
2803,All time favorite ,85,1
2804,HipHop,166,4
2805,JOY,195,1
2806,Fifty Shades Of Grey (Original Motion Picture Soundtrack),16,1
2807,bops ,92,1
2808,HS,74,1
2809,RHCP,31,1
2810,MGK,40,1
2811,to learn ,22,1
2812,Alternative,48,1
2813,Feel Good,71,1
2814,Office Music,146,1
2815,Coachella 2015,195,2
2816,80's Pop,115,1
2817,bangers,49,1
2818,worship music,26,2
2819,Rock,53,1
2820,car playlist ,45,2
2821,Morning Vibes,23,1
2822,IDK,39,1
2823,lacrosse,15,1
2824,chill,29,1
2825,EDM,141,2
2826,workout ,26,2
2827,luis,36,1
2828,Chill,125,1
2829,Morning Playlist,13,1
2830,2017,99,1
2831,summer 2016,51,1
2832,rock,187,1
2833,Summer Vibes,129,1
2834,in progress,80,1
2835,emotions,19,1
2836,throwbacks ,42,1
2837,Disney,40,1
2838,Country,195,1
2839,listen,11,1
2840,DOS,23,1
2841,Oldies,132,1
2842,HEAT,40,1
2843,Countdown,93,1
2844,New 2015,29,1
2845,disco,37,1
2846,better,29,1
2847,Driving,24,1
2848,Romantic,53,1
2849,Shower jams,91,1
2850,Running,51,1
2851,Gaming Songs,5,1
2852,Sexy Time,53,1
2853,sleep,13,1
2854,Amaranthe,40,1
2855,boop,7,1
2856,Mood Music,105,2
2857,walking ,27,1
2858,Party Bus,77,1
2859,2015,167,1
2860,Smells Like Teen Spirit,25,1
2861,Chill Vibes,20,1
2862,my favorites,84,1
2863,Oldschool,48,1
2864,MIO,85,1
2865,????,44,1
2866,Shower tunes,18,1
2867,Litüî•,15,1
2868,time capsule ,11,1
2869,XMAS ,82,2
2870,unwind,46,1
2871,mix,18,1
2872,smiles :))),51,1
2873,Misc.,67,1
2874,Becca,62,1
2875,Chinese ,35,1
2876,country,71,1
2877,Mac Miller,48,1
2878,80's,71,1
2879,R&B,29,1
2880,Chill Pills,75,1
2881,Cruising,75,1
2882,classics,32,1
2883,Deja Vu,65,3
2884,November 17,45,1
2885,oldies but goodies,20,1
2886,New Mix,124,1
2887,lit,112,1
2888,the feels ,30,1
2889,Thursdays,58,2
2890,spring cleaning,138,4
2891,Lituation,7,2
2892,r&b,44,1
2893,Andrew McMahon,110,1
2894,2017,38,2
2895,Workout,55,1
2896,Driving,145,1
2897,Workout,121,1
2898,issa playlist,39,1
2899,Throwback,79,1
2900,Songs to learn,15,2
2901,plane,88,1
2902,My Music 2,36,1
2903,sleepy time ,8,1
2904,trance,23,1
2905,country,115,1
2906,Rock n roll,48,1
2907,Rainy Day,57,3
2908,chill,166,2
2909,New Hip Hop,78,1
2910,Love Music,96,1
2911,new sounds,11,2
2912,Sunday Mornings,108,2
2913,mashup,179,1
2914,new,35,1
2915,kygo ,7,1
2916,bruh,22,1
2917,Golf,58,1
2918,Throwback,126,3
2919,Disney,55,1
2920,Omg,125,2
2921,Bluegrass,51,3
2922,Country,18,1
2923,Rock en Espanol,34,1
2924,Christian Rap,57,1
2925,fall 2015,52,1
2926,Old school,21,1
2927,chill ,23,1
2928,Fall 2017,29,4
2929,Rap,226,1
2930,supernatural ,57,2
2931,80s,94,1
2932,The feels,16,1
2933,mo,9,2
2934,Country,131,1
2935,The Very Best,62,2
2936,relaxing,9,2
2937,school,13,1
2938,Slow jamz,64,1
2939,house warming,99,1
2940,GOOD MORNING,27,1
2941,Chill Music,115,1
2942,Grind,11,1
2943,Set List,32,2
2944,Jessica,29,1
2945,Party?,69,1
2946,Rap,89,1
2947,School,79,2
2948,DnB,138,8
2949,Great songs,84,1
2950,SILK,67,1
2951,Regg,81,1
2952,It's Time,37,1
2953,Discover,167,1
2954,New Year 2015,54,1
2955,lovin',75,1
2956,Circus,16,1
2957,Now Playing,50,2699
2958,2015,136,1
2959,NYE 2017,43,2
2960,chill,119,2
2961,Pep Rally,10,1
2962,Thanksgiving,116,5
2963,'16,199,1
2964,2AM,18,1
2965,reggae,40,1
2966,All time,61,1
2967,70s,26,1
2968,car,7,2
2969,Tsunami ,124,11
2970,oldies,110,2
2971,gym,92,2
2972,Yoga,22,1
2973,Denver,20,1
2974,CHL,41,1
2975,2016,97,1
2976,starbucks ,26,1
2977,Family,73,1
2978,January 2015,30,2
2979,YE,126,1
2980,Depressing,21,1
2981,Pt. 2,12,1
2982,Fun mix,67,1
2983,selena ,12,2
2984,country,104,2
2985,2k,21,1
2986,Pregame,83,1
2987,I Took A Pill In Ibiza - Seeb Remix,104,2
2988,Sexxx,21,1
2989,gems,136,1
2990,Country,161,2
2991,FAVSüòç,34,1
2992,Randoms,134,1
2993,Hippity Hop,165,2
2994,Hype,49,1
2995,New Music,147,1
2996,Batchata,24,1
2997,2017,165,1
2998,country,158,1
2999,Starting Over,71,1
3000,Birthday Party,16,1
3001,Chill,26,1
3002,Run For Your Life,12,1
3003,chill,245,1
3004,riding,53,1
3005,Dad,81,1
3006,chillin',56,1
3007,Hard Rock,71,1
3008,Blessed ,11,1
3009,CB,11,1
3010,90',105,3
3011,summer vibes,26,1
3012,2013,128,1
3013,rewind,57,1
3014,November 2016,31,1
3015,Upbeat,32,1
3016,Workout,174,2
3017,Training.,49,2
3018,Romeo,39,1
3019,Hindi songs,8,2
3020,2017,29,2
3021,Get down,56,2
3022,Josh Garrels,67,1
3023,The Playlist,46,1
3024,Reggeaton,218,2
3025,country,75,1
3026,skiing,26,1
3027,HYPE,27,1
3028,rap,34,1
3029,Country,23,2
3030,THROW IT BACK ,37,1
3031,Somo,223,1
3032,SAD,37,2
3033,Have Yourself a Merry Little Christmas,14,1
3034,Shelby,22,1
3035,party,60,1
3036,My Music,60,1
3037,The Day,26,1
3038,stuff ,148,1
3039,Belt it Out,8,1
3040,2016-2017,115,1
3041,Death,58,1
3042,Sabbath.,29,1
3043,Epic,6,1
3044,riverside,30,1
3045,Sounds good ,20,1
3046,jams,203,2
3047,fall 2013,19,1
3048,üòàüòàüòà,129,2
3049,Workout,68,1
3050,Punk,146,1
3051,run,81,2
3052,Workout,53,1
3053,rock 2,190,3
3054,jams,21,1
3055,summer sixteen,82,2
3056,Summer,63,5
3057,mood,41,1
3058,jjj,83,1
3059,Guilty Pleasures,128,4
3060,Josh Groban,63,6
3061,Chill Music,74,1
3062,winter 16/17,31,1
3063,June 2017,75,1
3064,November 2016,55,4
3065,yup,116,3
3066,pre game ,37,1
3067,lit,41,1
3068,groovin,67,12
3069,The good stuff,66,1
3070,Trap,17,1
3071,2015-2016,229,2
3072,Gym Jams,40,1
3073,90s,149,3
3074,throwbacks,17,1
3075,You know,77,3
3076,christmas,41,1
3077,Country,29,1
3078,fall 15,29,1
3079,Sick beats,9,1
3080,DEC,127,1
3081,Slaps,23,1
3082,Romanticas,144,1
3083,throwbacks,21,4
3084,Summer Country,23,1
3085,yep,42,2
3086,random songs,39,1
3087,vibrations,18,1
3088,everything good,83,1
3089,country,149,52
3090,Trip,20,1
3091,Goals,18,1
3092,90's hits,156,1
3093,Girls,61,1
3094,chill ,50,1
3095,new,29,2
3096,Summer 2016,211,5
3097,workout,21,1
3098,cali,82,2
3099,Chill Mood,127,1
3100,Jamin,85,1
3101,üî•FIREüî•,65,3
3102,beautiful songs,28,1
3103,saturday mornings,31,1
3104,Jesus!!!!!,95,1
3105,Disco,16,2
3106,week 1,5,2
3107,Lit,14,1
3108,Calm,120,1
3109,Random Favorites,165,1
3110,Relax,123,1
3111,Chill,62,1
3112,lemon,102,4
3113,Happy,91,1
3114,Chillin ,157,2
3115,YES!!!!,77,1
3116,Wedding Dance Party,52,3
3117,ehh,19,1
3118,Soul,20,1
3119,energy,46,1
3120,sleep,29,16
3121,Once !,155,1
3122,pumpkin.,23,1
3123,Gangster,67,1
3124,Girly,85,1
3125,Animal,29,1
3126,Kick it,64,1
3127,Soul Food,78,1
3128,CAR 3,41,1
3129,Love songs,92,1
3130,Temp,26,1
3131,Wedding,31,1
3132,Whatever,69,2
3133,lit,136,2
3134,Summer 17,204,1
3135,MUSIC,24,1
3136,Funeral,28,2
3137,Running,103,1
3138,90s,14,1
3139,no diggity,54,2
3140,Dance,91,1
3141,throwbackZ,52,6
3142,Oldies,62,1
3143,golf,34,1
3144,YEET,46,2
3145,yee!,218,1
3146,alternative,195,1
3147,chill,144,1
3148,Rainy Dayz,25,1
3149,Weekly,248,1
3150,country,37,1
3151,middle school,74,1
3152,Music ,103,2
3153,Cabo,19,2
3154,countryüé∏,54,1
3155,chilllllll,31,1
3156,lowkey,58,1
3157,Throwbacks,46,2
3158,Motown,145,1
3159,WAVES,39,1
3160,Update,63,1
3161,RAP,48,2
3162,Hamilton Mixtape,22,1
3163,Jams,82,2
3164,cool beans,20,1
3165,country,32,2
3166,chunes,48,2
3167,country !!!!,106,1
3168,Naruto,60,11
3169,Good Vibes,23,1
3170,gangsta rap,56,1
3171,ü§òüèº,21,1
3172,winter,26,1
3173,in my feelings,121,1
3174,Disney,46,1
3175,Road trip!!!!,44,1
3176,Rock Classics,132,1
3177,February 2017,22,3
3178,oldies,25,1
3179,Flow,145,4
3180,Jenna,19,1
3181,car tunes,10,2
3182,Party Party,153,1
3183,Birthday Mix,54,1
3184,Wedding,81,2
3185,Mellow mood,131,1
3186,Electropop,67,1
3187,Halloween ,105,1
3188, COACHELLA 2013,207,1
3189,workout,32,3
3190,Easy Listening,116,1
3191,Vibe.,29,1
3192,summer rap,29,1
3193,For Amy,39,1
3194,long run,224,1
3195,FIREüî•,32,1
3196,Rap Mix,224,2
3197,COUNTRY,13,1
3198,OMG,18,1
3199,ayo,179,1
3200,wedding,83,1
3201,Marzo,10,2
3202,Emma,213,2
3203,Mine,9,1
3204,Upbeat Country,45,1
3205,oldies,61,3
3206,2016,99,2
3207,French,22,1
3208,wurk,42,2
3209,Ridin',24,1
3210,Jammin',85,1
3211,J. Cole ‚Äì 4 Your Eyez Only,115,1
3212,throwback bops,91,1
3213,D.A.N.C.E,16,1
3214,ü§òüèª,48,1
3215,xyz,51,1
3216,Peaceful,23,1
3217,randoms,99,1
3218,Blues rock,9,1
3219,yoga,15,2
3220,ROCKNROLL,27,1
3221,SEXY,7,1
3222,Running,22,1
3223,study,20,1
3224,Honky Tonk,160,2
3225,Electro ,111,2
3226,Golden years,41,1
3227,Paige,18,1
3228,gym,52,1
3229,mellow,62,2
3230,Workout ,148,1
3231,current,52,1
3232,R&b love,48,1
3233,Music,35,2
3234,LITTTTTT,44,4
3235,beach chill,38,2
3236,mix,40,1
3237,Boda,138,3
3238,Car ride,88,1
3239,potential,16,1
3240,Chill,135,1
3241,Heathens,16,1
3242,Day Dreaming ,46,1
3243,Orange.,138,1
3244,The Wedding,12,1
3245,reggea,46,2
3246,Sad,37,1
3247,trip,52,1
3248,country,141,1
3249,Oldies,72,7
3250,Relax,46,1
3251,Musica,90,4
3252,New rap,13,1
3253,Christian,189,2
3254,country ,43,1
3255,Norte√±as,121,1
3256,Zouk,10,1
3257,nba,29,1
3258,Driving,23,1
3259,January 2016,203,3
3260,K-POP,165,1
3261,American Teen,66,4
3262,GET REKT,40,1
3263,Chill Bro,41,1
3264,Kaskade,90,1
3265,Rainy days,37,1
3266,Songs I Like,16,1
3267,Invincible,69,1
3268,chill,8,1
3269,Study Time,77,2
3270,study,45,1
3271,Classic Rock,181,1
3272,Bethel Music,80,4
3273,Summer 2017,28,1
3274,lit,51,3
3275,Running playlist,29,2
3276,Classic Rock,209,1
3277,Electro,9,1
3278,oldies,54,1
3279,crazy,29,1
3280,s16,111,1
3281,Johnny,114,1
3282,texas,192,1
3283,Fran√ßais ,61,3
3284,Dancing in the Moonlight,93,1
3285,hell yea,80,1
3286,Good Vibes,143,9
3287,Workout,24,1
3288,anxiety,21,2
3289,musica clasica,18,1
3290,CAR 1,50,1
3291,yuh,149,1
3292,Jealous,26,1
3293,TRILL,79,1
3294,Rancheras,61,1
3295,Party mix,113,1
3296,AWESOME MIX VOL.1,12,1
3297,VANESSA!,35,1
3298,Thomas,27,1
3299,Crunk,61,3
3300,blink-182 ,24,1
3301,Feel good songs,220,2
3302,jammy,14,5
3303,bike ride,72,1
3304,Guardians of the Galaxy: Awesome Mix Vol. 1,12,2
3305,Summer 2014,36,53
3306,Random,27,1
3307,You,59,1
3308,wedding,33,1
3309,runnin,107,2
3310,Running,19,1
3311,victor,5,1
3312,Hindi songs ,22,1
3313,Country,165,1
3314,yayo,14,2
3315,Jethro Tull,35,1
3316,1993,33,1
3317,SEAN,14,2
3318,Mixtape #2,9,1
3319,jesus jams,53,1
3320,Boys,21,1
3321,Hip hop 1,138,1
3322,Sad,20,1
3323,Disney,133,1
3324,School playlist,195,1
3325,vibezzz,25,1
3326,shower,110,9
3327,Transition,44,1
3328,Spanish Music ,23,1
3329,New POP,101,4
3330,pop,48,1
3331,Prayer,14,1
3332,ok,35,1
3333,Christmas,59,1
3334,halloween,26,1
3335,Descendants ,33,1
3336,Kickback,98,1
3337,'16,25,1
3338,MY mixtape,32,1
3339,My Faves,177,1
3340,new,35,2
3341,NEW WORSHIP,15,1
3342,Country,236,1
3343,Sunday Morning,198,1
3344,Pitch Perfect Soundtrack,24,1
3345,Boat,81,1
3346,Feels,14,1
3347,undertale,6,1
3348,Old school,80,1
3349,Classical ,22,1
3350,april,62,1
3351,Always,109,2
3352,july 2017,30,1
3353,Spanish Songs,11,1
3354,80s,17,1
3355,Writing,33,3
3356,K-Pop,19,1
3357,vibin',46,2
3358,Upbeat Country,177,1
3359,Rock n roll,69,1
3360,Summer 2017,234,1
3361,Why?,77,1
3362,Gym. ,110,4
3363,Acoustic Morning,22,2
3364,movie scores,42,1
3365,Lounge/Chill,37,1
3366,RoAD TriP,169,2
3367,2k17,40,1
3368,Standards,18,1
3369,old,78,1
3370,Trap Music,36,1
3371,sunshine,51,1
3372,Disney!,178,1
3373,school,40,1
3374,?!?,136,1
3375,sad days,29,2
3376,Golden,56,1
3377,high,37,1
3378,get weird,41,1
3379,Slaylist,53,1
3380,playlist,35,9
3381,French,57,1
3382,young,62,1
3383,Winter,27,1
3384,CinCo,20,2
3385,gone country,107,1
3386,singalongs,14,1
3387,90s Dance,15,1
3388,throwin it back,109,1
3389,Country Stuff,103,1
3390,Workout,28,1
3391,Trip,63,1
3392,Workout,31,1
3393,Hype,26,1
3394,Remixes,125,2
3395,country road,64,1
3396,70s-80s,42,1
3397,Dad,126,1
3398,sad songs,6,1
3399,Dreams,28,1
3400,workout jams,56,2
3401,rap,21,1
3402,Funk,71,2
3403,Public,73,1
3404,Danielle,234,1
3405,chill wave,45,1
3406,Heart,130,1
3407,poppin,35,1
3408,turnt,8,1
3409,Slow And Steady,141,1
3410,Chillout,121,1
3411,New ones,17,2
3412,Country,80,1
3413,chill,187,1
3414,Mind,36,1
3415,Downtime,45,2
3416,oldies,31,1
3417,good times,37,1
3418,my songs ,18,1
3419,T2,101,2
3420,Pentatonix ,28,1
3421,Regae,11,1
3422,Spanish songs,48,1
3423,chill,162,1
3424,Roadtrip,85,1
3425,Perfection,24,1
3426,Rap,48,1
3427,car,39,1
3428,spring 2016,33,1
3429,drum,76,1
3430,Rap,90,1
3431,Cool Beans,141,1
3432,Away,19,1
3433,workout,21,4
3434,Chill Vibes,39,2
3435,Stretching,80,1
3436,Baby makin',148,1
3437,indie,74,1
3438,LIGHTHOUSE,10,1
3439,Chill EDM,14,1
3440,Christmas,95,4
3441,going out,19,1
3442,Dark Roast Playlist,20,1
3443,LIT,117,1
3444,Trap Music,35,1
3445,Wtf,19,1
3446,Pump Up,7,1
3447,80s,12,1
3448,Chill Out,123,1
3449,tb,63,2
3450,new,8,1
3451, jamz,143,1
3452,fall 17,16,1
3453,Airplane,32,2
3454,trap!,16,1
3455,2016~,59,1
3456,HEAT.,41,1
3457,Funk,10,1
3458,Slaps,78,1
3459,Bitter,16,1
3460,R&b,74,6
3461,Texas,131,1
3462,Acoustic,122,1
3463,tranquility,66,1
3464,Chill beats,124,1
3465,Damn,43,1
3466,Country,84,1
3467,throwbacks,123,2
3468,classic rock ,30,2
3469,musicals,13,1
3470,christmas songs,17,1
3471,Workout,52,2
3472,m&m,48,1
3473,Bachata,21,2
3474,Alternative ,8,1
3475,Random,139,1
3476,Wanderlust ,64,1
3477,Jazz,20,5
3478,Summer 2014,91,2
3479,rap favs,151,1
3480,La France,53,1
3481,Workout,243,1
3482,PoP Punk,95,2
3483,Foreign,15,1
3484,drive,42,1
3485,Five,10,1
3486,other,172,1
3487,variadas,26,1
3488,Halloween,11,1
3489,Riverdale,28,1
3490,Nothing,34,1
3491,Autumn,39,1
3492,Hello,34,1
3493,Happy,17,1
3494,robert,43,1
3495,Love,47,3
3496,Relaxation,21,1
3497,country lovin ,180,1
3498,Classics,80,1
3499,rap,40,1
3500,do re mi,53,1
3501,LIT,28,2
3502,League Playlist,84,2
3503,Running!,173,2
3504,stones,58,1
3505,Thinking of You,16,1
3506,Workout,82,1
3507,bops,22,1
3508,Running ,18,1
3509,Car Rides,49,1
3510,WORK IT,19,1
3511,Bruno Mars,35,1
3512,ChristmasüéÑ,51,1
3513,study,229,3
3514,‚ô°‚ô°‚ô°,14,1
3515,Blues,34,1
3516,christain,100,1
3517,september,22,2
3518,country ,49,1
3519,vibes,63,1
3520,Baby Making Music,26,1
3521,Water,75,1
3522,country,46,1
3523,fav songs ,38,1
3524,‚ù§Ô∏è,80,1
3525,Rap,55,1
3526,Country,120,1
3527,All,20,1
3528,MIKES,150,1
3529,Sleeping,23,1
3530,Country ,160,8
3531,rap,147,1
3532,Soundtracks,33,1
3533,June 2017,45,1
3534,random,23,1
3535,sappy,25,1
3536,SUMMER,22,1
3537,what the funk ,14,1
3538,end of summer ,21,1
3539,lit songs,109,1
3540,Spanish,124,1
3541,FALL 2K17,68,1
3542,Banda,31,1
3543,Covers,29,2
3544,broken,51,1
3545,CATWALK,25,2
3546,hype,8,1
3547,CW,148,1
3548,Relaxation,16,1
3549,worship,57,1
3550,Partay,32,1
3551,Classic Rock,123,1
3552,This Is How We Do It,36,1
3553,Party!,217,2
3554,new,17,1
3555,Jiggy,19,1
3556,summer country,50,1
3557,Country,71,1
3558,Slow ~,118,1
3559,Party,34,3
3560,ELECTRO HOUSE,61,8
3561,ukulele,5,1
3562,Workout,67,1
3563,throwback,100,1
3564,lol,34,1
3565,Classic Rock,165,13
3566,Old Rock,91,1
3567,all songs,37,1
3568,CHRISTmas,89,1
3569,Disney Music!!!!!!,41,1
3570,scream,26,1
3571,pump up,49,1
3572,Work,87,1
3573,Christmas :),19,1
3574,80's,111,1
3575,Bill Evans,28,1
3576,Worship,77,3
3577,~Punk Rock~,75,1
3578,women.,113,1
3579,Summer,161,1
3580,A+,170,2
3581,FUN MUSIC,69,1
3582,worship,53,2
3583,Bump,143,1
3584,Summer,101,5
3585,indie,98,1
3586,Throwbacks,57,2
3587,childhood jams,51,2
3588,Hot,9,1
3589,dub,185,2
3590,Justin Bieber,22,1
3591,Vibes,119,1
3592,detox,65,1
3593,water,34,2
3594,Dance,25,1
3595,chill pt 2,58,1
3596,Snowboarding,79,1
3597,Navidad,73,5
3598,throwbacks,55,2
3599,groovin,63,1
3600,Turnt,128,1
3601,Bluegrass,22,1
3602,2017,73,1
3603,jULiAN,21,2
3604,current favorites,27,1
3605,Friday Playlist,82,1
3606,Classical,59,1
3607,Party,58,3
3608,Punk,80,1
3609,camp,40,3
3610,chill,128,1
3611,God,224,2
3612,Slow,35,1
3613,üíóüíó,28,1
3614,rap,80,1
3615,Chill,131,1
3616,Worship,43,2
3617,RT,11,1
3618,Norte√±as,50,1
3619,sugar,46,1
3620,yup ,15,2
3621,RAVE,29,5
3622,My fave songs ,14,1
3623,sleepüò¥,20,1
3624,good,11,1
3625,International,7,1
3626,Country,246,2
3627,Psychadelic,52,1
3628,G eazy,16,1
3629,old but gold,87,2
3630,concert ,104,1
3631,whatever,122,1
3632,Big Little Lies,11,4
3633,study,74,2
3634,Musiccc,11,2
3635,vintage,143,1
3636,opera,7,1
3637,gym,42,1
3638,sex playlist,12,2
3639,'Merica,26,1
3640,Euphoria,141,7
3641,HAWAII,12,1
3642,jazzy,38,1
3643,Ocean Drive,29,1
3644,throwback ,79,1
3645,our playlist,16,1
3646,Good Morning,20,1
3647,Indie,63,1
3648,MAM,70,1
3649,Uprising,25,1
3650,‚ú®‚ú®,127,1
3651,Turnt,35,1
3652,mine,25,1
3653,Up beat,30,1
3654,Spanish mix,61,1
3655,oldies,50,1
3656,now,14,1
3657,Musicals,15,1
3658,Music 1,115,1
3659,Summer Playlist,32,2
3660,fallout 4,29,1
3661,chill,155,1
3662,jams,78,1
3663,workout tunes,71,3
3664,Classical,71,1
3665,fall '17,98,2
3666,party2,79,1
3667,Rap ,147,1
3668,Chillin',36,6
3669,sex,19,1
3670,dinner,26,2
3671,Quiet,50,1
3672,country,223,7
3673,wedding,17,1
3674,Tailgate ,79,1
3675,Name,8,1
3676,Classics,47,1
3677,Chill 2,25,3
3678,Pop Ballads...,59,1
3679,sophomore year,190,4
3680,The Tunes,42,1
3681,classic rock ,177,2
3682,playlist,41,1
3683,Joel,154,1
3684,Electronic/Dance,94,2
3685,TAYLOR,50,1
3686,PHOENIX,39,1
3687,Ski,25,1
3688,country ,233,1
3689,Rachel,37,1
3690,PREGAME,43,1
3691,Sertanejo,12,1
3692,April,52,1
3693,workout,163,1
3694,ayyy,19,1
3695,vibe,25,1
3696,Workout,68,1
3697,country,53,1
3698,Chill,53,1
3699,COSTA RICA ,18,1
3700,best of 2015,19,3
3701,yo,30,1
3702,January 2016,38,1
3703,ugh,25,1
3704,run,54,1
3705,groovin,12,1
3706,Chill,234,1
3707,Country,25,1
3708,Summer Festival Playlist,40,1
3709,Honey,57,1
3710,Fun stuff,27,1
3711,TROPICAL,24,1
3712,Relax,73,1
3713,Punk,47,1
3714,well,14,1
3715,Dinner Music,55,1
3716,summer 2k17,57,3
3717,summer,25,1
3718,DAB,16,1
3719,Chill Electronic,54,1
3720,Work it!,134,1
3721,Feel Better,19,2
3722,Rock/Pop,53,1
3723,Personal favorites,14,1
3724,Slightly Stoopid ,93,1
3725,vibezz,151,1
3726,sleepy,100,1
3727,Desi,81,9
3728,Beach jams,76,1
3729,üíìüíìüíì,31,1
3730,Summer Tunes,54,1
3731,80s Rock,189,1
3732,tbt,184,1
3733,party,48,1
3734,Spanish music,14,1
3735,Christmas Favorites,112,6
3736,THROWBACK,236,6
3737,Dance,97,2
3738,Trappin',45,1
3739,West side,34,2
3740,jams,11,1
3741,Car,17,1
3742,For you,20,1
3743,Random,59,2
3744,Good Ish,85,1
3745,lol,35,1
3746,Study,53,1
3747,cruising,92,1
3748,Flow,195,1
3749,some good songs,33,1
3750,chill,14,1
3751,friday,27,2
3752,2016,72,1
3753,Feels,44,1
3754,Chill,144,1
3755,dance Mix,104,1
3756,Reign,74,2
3757,Chill,201,3
3758,Hip Hop Hooray ,23,1
3759,i love you,17,1
3760,bands,63,1
3761,jam,65,11
3762,December,30,2
3763,Indie,63,1
3764,sing along,118,2
3765,All Time Favorite,33,1
3766,Just Music,11,1
3767,ay,91,1
3768,Yes,27,1
3769,üñïüèª,136,1
3770,Old rap,37,1
3771,2017,38,1
3772,workout,39,1
3773,Shut Up and Dance,29,2
3774,Work jams,53,2
3775,Corridos ,50,1
3776,Run Run Run,93,1
3777,WORK,14,1
3778,Music,68,2
3779,Dance,20,1
3780,Study,52,1
3781,workout ,130,1
3782,Electro,14,1
3783,sleepy time,46,1
3784,boi,92,1
3785,car rides.,58,1
3786,downloaded,36,1
3787,Chillout,93,2
3788,Disney,82,1
3789,movie themes,24,1
3790,I Put A Spell On You,10,1
3791,Winter 2016,39,1
3792,new music,60,1
3793,RAGE,69,2
3794,Salt,31,2
3795,feels,39,1
3796,Rage,15,1
3797,R&B,91,1
3798,Amanda,54,1
3799,Summer 2015,180,1
3800,dancedancedance,127,1
3801,Pie,70,1
3802,MMHM,73,3
3803,Traffic Jams,155,1
3804,soccer,23,1
3805,Christmas,85,1
3806,drivin,77,1
3807,Zumba,43,1
3808,Everything,24,1
3809,chill,28,1
3810,Country,209,1
3811,Halloween,73,1
3812,jazz,37,1
3813,My Jam,7,1
3814,Wagon Wheel,193,3
3815,feels,109,1
3816,angst _,120,2
3817,party playlist,236,2
3818,Classic Rock,238,2
3819,Kate,7,1
3820,Cloud 9,73,1
3821,Wedding Reception,35,2
3822,Demon Hunter,26,1
3823,My country,120,1
3824,Sleep,37,1
3825,Car rides.,138,1
3826,Christmas Jams,22,1
3827,70s,66,1
3828,Gym ,37,1
3829,bath,10,1
3830,hooping,23,1
3831,EDM,106,2
3832,lit,74,1
3833,Freestyle,15,1
3834,Chill,177,1
3835,Cold,87,1
3836,Trap,91,1
3837,Focus,209,1
3838,lol,24,1
3839,Loungin,70,3
3840,old but good ,26,1
3841,beach,55,3
3842,Chillin',25,1
3843,my music,82,1
3844,warm up,11,1
3845,wrap,90,2
3846,Good music,30,1
3847,Cruisin,23,1
3848,Art,54,2
3849,Christmas,28,1
3850,Bad Girls,136,3
3851,Palm Springs! ,116,2
3852,reggae,38,1
3853,real country,60,3
3854,Jazzy,37,1
3855,Don't,7,1
3856,party,39,1
3857,Workout,38,1
3858,How I Met Your Mother ,40,1
3859,some good songs ,50,1
3860,2015,85,1
3861,Dance Workout,28,1
3862,New Discoveries,174,1
3863,July '16,14,1
3864,Bump,89,2
3865,Musique Fran√ßaise,87,1
3866,Dinner,49,1
3867,Dope,84,3
3868,18 Months,15,1
3869,My music,101,1
3870,summer 2015,36,1
3871,80's ,21,1
3872,fire ,110,1
3873,NYE,165,1
3874,Feels Good,60,1
3875,Lol,15,1
3876,Harley Quinn ,85,1
3877,alicia,121,3
3878,college rock,67,5
3879, Heat,27,2
3880,Best playlist ,61,2
3881,Meow,53,1
3882,Shhh..,33,1
3883,broken. ,102,1
3884,eighties,5,1
3885,Bristol,11,1
3886,Road Trip,105,1
3887,Our Songs ,75,1
3888,Discovered,117,4
3889,snowboarding ,72,1
3890,KO,42,1
3891,Country,161,1
3892,Ac√∫stico,34,4
3893,Ariel Camacho,20,1
3894,Christmas Music,93,1
3895,Sophia,114,1
3896,80s,86,1
3897,Rap,202,2
3898,Car Rides,66,1
3899,running,27,1
3900,my songs,86,1
3901,june '16,110,9
3902,roadtrippin,157,1
3903,em,13,1
3904,Music,196,1
3905,feels,24,1
3906,Rock,19,1
3907,COUNTRY,64,1
3908,4th of july ,22,1
3909,dec 2016,46,1
3910,90s,114,1
3911,turnt,43,1
3912,romanticas ,101,4
3913,summer,12,1
3914,Workout 2016,31,1
3915,chill,35,3
3916,soft,153,1
3917,80's dance,130,1
3918,Christmas,20,2
3919,workout,20,1
3920,country,76,2
3921,Riot,35,1
3922,A little bit of everything,126,4
3923,Cecilia,40,1
3924,ALT,30,1
3925,2015 Top Tracks,100,1
3926,inD,83,3
3927,Country?,149,1
3928,EDM,40,1
3929,Variety,201,4
3930,Corridos,119,1
3931,Piano Music ,23,1
3932,Christmas Jams,47,1
3933,Irish Songs,56,1
3934,Fire Playlist,22,1
3935,Worship!,22,2
3936,Feel Good,108,1
3937,classic rock,33,1
3938,BS,32,1
3939,New Playlist 2,31,1
3940,Band,90,1
3941,THROWBACK JAMZ,48,2
3942,FLIGHT,20,1
3943,Spaced Out,79,1
3944,Stuff,42,1
3945,tiger,29,2
3946,Work Out,23,1
3947,Sad,13,1
3948,back,16,2
3949,trash,27,1
3950,Panda,24,1
3951,Tunes,215,1
3952,nostalgia,112,1
3953,'Merica,77,1
3954,Christian Worship ,24,1
3955,run,27,1
3956,spencer ..,13,1
3957,our songs,16,1
3958,new,13,1
3959,Rage.,106,1
3960,Main,219,1
3961,Rocket League,106,1
3962,carl,19,2
3963,Bumpin,162,1
3964,High By The Beach,64,3
3965,Best Rock,68,1
3966,CLASSICS,66,2
3967,good playlist,135,1
3968,run forest run,126,1
3969,Roadtrip,166,1
3970,Disney,24,1
3971,June 2016,99,1
3972,oldies ,10,2
3973,beach party,144,1
3974,Meredith,91,1
3975,chill,28,1
3976,Eminem,59,1
3977,THE PARTY,107,1
3978,Throwback,56,1
3979,Noosa Tastiest Playlist,7,1
3980,Rehearsal Dinner,111,52
3981,Slow songs,53,1
3982,Sheets,58,2
3983,dude,36,2
3984,House Party,53,4
3985,writing,13,1
3986,my christmas,61,1
3987,My Baby,119,1
3988,Mashup,97,1
3989,Pierce The Veil ,38,1
3990,rap ,64,1
3991,May 2017,15,1
3992,Country,29,2
3993,Classy,30,1
3994,exploring,102,1
3995,Chill,33,1
3996,Miles,68,1
3997,Mellow Mood,33,1
3998,mix up,187,3
3999,other,97,1
4000,skate,70,1
4001,Work out,12,1
4002,Study,19,2
4003,HOLA,104,2
4004,House,79,2
4005,me,11,1
4006,Tango,15,1
4007,Hype,95,1
4008,EDM,152,1
4009,classical,32,2
4010,LIT $$$$$,35,1
4011,run ,23,1
4012,perfect,147,17
4013,jet,222,1
4014,Werk Out,82,1
4015,üòõüòõ,22,1
4016,‚ò∫Ô∏è,20,1
4017,Good stuff,114,3
4018,Chicano Rap,244,7
4019,Chill ,139,6
4020,Bangerz,144,1
4021,rock out,119,6
4022,hey,28,1
4023,The Playlist,68,1
4024,My music,84,1
4025,cancun,54,2
4026,~throwbacks~,29,1
4027,Tyler,21,1
4028,Beach,163,2
4029,Pregame,33,2
4030,vibes,15,1
4031,fall jams,29,2
4032,Industrial,167,2
4033,country,84,1
4034,Dan,119,1
4035,60's,23,1
4036,Road Trip,74,1
4037,Pump up,10,1
4038,jammin,106,1
4039,sad songs,16,1
4040,*** May 2017,19,2
4041,biking,5,1
4042,Slow Dancing,62,1
4043,Rap,179,7
4044,dancing,16,2
4045,Desi,66,1
4046,2016,169,3
4047,classy,149,1
4048,hype,19,2
4049,Chill,95,1
4050,The good stuff,246,8
4051,in my feelings,107,1
4052,chill,85,4
4053,vol. 1,11,1
4054,Jesus Songs,86,1
4055,Obsessions,47,1
4056,Country,56,1
4057,Lit,79,1
4058,New Years,118,2
4059,New Country,103,1
4060,Tropicana,32,1
4061,January 16,21,6
4062,Preach,86,3
4063,Hood,40,1
4064,garage,9,1
4065,khalid,19,1
4066,Gym Playlist ,52,1
4067,YouTube,31,1
4068,new country,181,4
4069,My World,20,1
4070,Old jams,63,1
4071,free,51,1
4072,Grad party,70,1
4073,Songs for :),119,1
4074,SHOWER PLAYLIST,86,1
4075,420,52,1
4076,march ,22,1
4077,Alt,41,4
4078,Deep,36,1
4079,VII,11,1
4080,explicit,97,2
4081,old school,35,1
4082,Sleep,14,2
4083,lets get it,117,3
4084,Old Soul,13,1
4085,Fall 2015,41,1
4086,jam,7,1
4087,hot.,62,1
4088,gary ,117,1
4089,Hip-Hop,48,1
4090,workout,11,1
4091,Music,69,1
4092,dance music,91,1
4093,Rock Mix,78,3
4094,baladas pop,171,1
4095,Rap,203,1
4096,sad,30,1
4097,WORK,66,1
4098,mood,13,1
4099,America,100,2
4100,Chilled,7,1
4101,5K,41,1
4102,Gold,70,3
4103,‚òπÔ∏è,5,1
4104,Post-Hardcore,11,1
4105,my alternative ,83,1
4106,La La Land,9,1
4107,Savage,18,1
4108,Wedding Day,55,1
4109,Workout,35,2
4110,Mm,5,1
4111,party ,36,1
4112,rnb,84,3
4113,Pre Game ,172,3
4114,get it,17,1
4115,Zone Out,24,1
4116,love song,28,1
4117,Summer Playlist,96,1
4118,bliss,37,1
4119,Random,138,1
4120,tbt,36,1
4121,Love songs,53,1
4122,Gym,93,2
4123,sex,11,1
4124,Bebe,8,1
4125,dat good good,31,1
4126,vibes,107,2
4127,yeet,165,1
4128,Gold,213,1
4129,calm,117,1
4130,Elec,177,1
4131,üéâüéâ,148,4
4132,Vibe.,7,1
4133,SWEET SUMMER,131,1
4134,Bangers,64,1
4135,Sound tracks,37,3
4136,bianca,99,2
4137,chill,33,1
4138,JAMZ,90,1
4139,Worship playlist,34,1
4140,deep house,83,1
4141,oldies but goodies :),86,1
4142,Awesome Sauce,13,1
4143,Party Up,68,1
4144,Peaceful,75,3
4145,old but gold,129,1
4146,Tejano,68,1
4147,baby making,137,2
4148,Classics,49,1
4149,yee yee,33,1
4150,üíØüíØ,80,1
4151,Throwin it back,226,2
4152,HAPPY HAPPY,138,4
4153,old school rap,148,1
4154,GANG,178,1
4155,Vocaloid,65,2
4156,oh,58,1
4157,kill me,41,2
4158,Rock,42,2
4159,#Jessica,9,1
4160,summer seventeen,84,1
4161,La La La,214,1
4162,Bangers only,68,1
4163,Shower,28,1
4164,üíØüíØ,32,1
4165,Good Vibes,50,2
4166,spring 2017,20,1
4167,Ayeee,66,1
4168,Positivity,100,1
4169,69,107,2
4170,Rock,48,1
4171,Goosebumps,36,1
4172,fall '15,211,2
4173,COACHELLA,106,7
4174,Childhood,24,1
4175,tbt.,189,3
4176,baby shower,39,1
4177,Mellow,54,1
4178,GOoD,11,1
4179,Chill,91,1
4180,homework,119,2
4181,best of country,31,1
4182,Rock ,70,1
4183,classics,33,1
4184,Basement,63,1
4185,pregame,45,1
4186,For Jack,58,2
4187,may '16,54,1
4188,Random,23,1
4189,share,170,1
4190,summertime,47,1
4191,party ,151,3
4192,Summer 2013,18,1
4193,musicc,148,1
4194,misc.,26,1
4195,throwback thursday ,118,1
4196,Classic,84,1
4197,2014,36,1
4198,üòçüòçüòç,18,1
4199,Old School,45,1
4200,Rock,47,3
4201,Lullabies,60,3
4202,Romance,21,1
4203,best i ever hAd,48,3
4204,chill,24,1
4205,All,60,1
4206,Awesomeness,32,1
4207,Beach,11,1
4208,Inspo,23,1
4209,rock,47,1
4210,oldies,11,1
4211,Old School Rap,52,1
4212,Soundtrack,58,1
4213,Calm,6,1
4214,Summer '15,92,1
4215,here,37,1
4216,KPop,25,1
4217,PRIDE.,64,4
4218,High For This,173,1
4219,sleep,28,1
4220,Strawberry,43,2
4221,Now,49,1
4222,Chill Playlist,23,2
4223,Right in the Feels,128,1
4224,Kitchen Dancing,52,1
4225,Riptide,14,1
4226,my jams ,135,1
4227,Relax,21,1
4228,classic Rock,130,1
4229,MC,54,1
4230,Worship,69,2
4231,10,111,2
4232,fun,35,1
4233,Chicago,72,1
4234,chance,18,1
4235,Throwback,23,1
4236,work 2,14,1
4237,EDM,37,1
4238,My High-Intensity Workout,17,1
4239,Halloween,23,2
4240,Chente,22,1
4241,idk ,24,1
4242,NO LIMIT,39,1
4243,Summer 2015,28,1
4244,Best Songs,37,1
4245,Rehearsal Dinner,83,1
4246,Hick hop,181,3
4247,love,28,1
4248,Calm,92,2
4249,Mine ,107,1
4250,Everything Everything ,118,2
4251,Reggae,18,2
4252,Country,137,1
4253,MADI,29,1
4254,Bad Intentions,28,1
4255,Vegas,9,1
4256,fall '17,48,2
4257,Shower,64,1
4258,Country,57,1
4259,MIX UP,81,2
4260,Slow jam,26,1
4261,Rap,126,3
4262,focus,32,1
4263,Spanish music ,182,1
4264,healing,13,1
4265,Work out,16,2
4266,early 2000's,98,3
4267,party ,110,1
4268,Childhood memories,19,1
4269,90's & 00's,171,1
4270,Gaming,103,1
4271,lake ,40,1
4272,travel,51,1
4273,\m/,71,1
4274,sophia,28,2
4275,Electropop,205,1
4276,Fav2,87,1
4277,London,22,1
4278,throwback ,18,1
4279,Main ,40,1
4280,Country ,18,1
4281,June,54,1
4282,Into The Mystic,64,1
4283,Justin,164,1
4284,Reggae,52,1
4285,spring17,33,1
4286,Summer,170,1
4287,acoustic jams,46,1
4288,Country ,39,1
4289,killin' it.,105,1
4290,Owen,50,1
4291,Cudi,16,1
4292,chilllll,23,1
4293,nathan,107,1
4294,Corridos,33,1
4295,Missing you..,86,1
4296,chill,111,2
4297,lit,91,1
4298,drivin,32,3
4299,IV,25,4
4300,The JaM,53,1
4301,nugget,98,1
4302,Oldies,38,2
4303,Alt,228,1
4304,Battle Scars,18,1
4305,Brother,120,1
4306,yup,79,2
4307,sad,15,1
4308,Sway,50,1
4309,YMCMB,72,1
4310,Rock ü§òüèº,6,1
4311,Rock Workout,69,1
4312,sad,18,1
4313,sophomore year,16,3
4314,the feels ,35,2
4315,Pool party,90,3
4316,gym,70,1
4317,Hip Hop,26,1
4318,Firefly,94,3
4319,mix,40,1
4320,Alternative,27,2
4321,Electric,5,1
4322,Blues,100,1
4323,Lit,76,1
4324,good,45,1
4325,Ashley,151,2
4326,Chill ,129,1
4327,Music playlist,134,1
4328,Espa√±ol,15,1
4329,Worship Music ,51,1
4330,70's,57,1
4331,Oldies but Goodies ,24,1
4332,Country,51,1
4333,Chill,65,1
4334,Melancholy,68,1
4335,Church Music,32,1
4336,<3,19,3
4337,party,42,1
4338,Work out,83,1
4339,cookout ,46,1
4340,*OLIVER,20,1
4341,Oldies,233,3
4342,hard times,22,1
4343,Good stuff,13,1
4344,Gym Hype,97,2
4345,Derp,42,1
4346,Asdfg,101,2
4347,Zumba,77,1
4348,Rene,6,1
4349,far,19,1
4350,Workout,40,1
4351,jam,162,1
4352,tropical,101,1
4353,Ind,60,1
4354,mexico,74,1
4355,New Summer,70,2
4356,Anything,168,2
4357,Chill II,60,1
4358,Turn up!,208,1
4359,Gospel,103,1
4360,blast from the past,51,1
4361,Classic Country,52,1
4362,Good Vibes,53,1
4363,rhythm,13,1
4364,üôåüèæ,89,4
4365,Country 2,145,1
4366,chill,16,1
4367,Vibes,132,1
4368,Sleepytime,17,1
4369,feb;2017,24,1
4370,Good vibes,45,1
4371,march 2016,20,1
4372,Pulse,104,1
4373,Rap Workout,65,1
4374,chill,45,1
4375,country summer ,62,1
4376,Spring 2016,60,1
4377,Spanish Rock,135,2
4378,Pizza,24,1
4379,outlaw,79,1
4380,Punk Goes Pop,21,1
4381,Country,82,1
4382,oldies,25,1
4383,Boston Calling ,172,1
4384,RetroWave,21,1
4385,cumbias,22,1
4386,Clean Workout,40,2
4387,Country,93,2
4388,B.I.G.,26,1
4389,Gospel songs,34,2
4390,üñ§üñ§,215,1
4391,certified bangers,12,1
4392,rock,106,2
4393,Dreams ,41,1
4394,Keller,230,1
4395,Oldies,113,2
4396,NEW JAMZ,59,3
4397,another one,133,1
4398,Good Stuff,36,1
4399,something.,30,1
4400,Meow,20,1
4401,feel good,11,1
4402,Random ,40,1
4403,pregame,12,1
4404,Da Funk,78,1
4405,summersixteen,34,1
4406,üî•üî•,50,1
4407,yuhhh,78,1
4408,everything else,77,1
4409,New Country,91,1
4410,Christian,130,1
4411,feels,23,1
4412,first playlist ,43,1
4413,Eh ,112,1
4414,Summer Jamz,21,1
4415,Hard Rock,209,2
4416,warmup,18,1
4417,HIP HOP,51,1
4418,Party Music,131,1
4419,country ,136,2
4420,oldies,75,1
4421,oldies:),174,1
4422,late,18,1
4423,jazz,35,1
4424,rap,21,1
4425,2000s,114,1
4426,Throwback,75,1
4427,Intro,70,2
4428,countryy,22,1
4429,Jams,84,3
4430,Jesus,204,1
4431,Fall17,39,1
4432,favorite music,236,3
4433,party,19,1
4434,Edm,89,1
4435,wed,26,2
4436,chill,24,1
4437,newnew,43,1
4438,Work,59,1
4439,workout,36,2
4440,JL,44,1
4441,trappin,149,1
4442,Clout,59,2
4443,Chill Bro,120,4
4444,my childhood,74,1
4445,English Music,67,1
4446,rock en espanol,33,2
4447,whatever,158,4
4448,Workout,11,1
4449,Electro,146,1
4450,School Playlist,21,1
4451,July,18,1
4452,EDM,28,1
4453,Michael's PlayList,63,6
4454,2017,204,4
4455,Driving,162,1
4456,Summertime Sadness,38,2
4457,Bruh ,62,1
4458,the feels,65,1
4459,bubble,14,1
4460,Rock En tu Idioma,70,1
4461,Sonic,37,1
4462,Taylor Swift,6,1
4463,smooth,21,1
4464,Dancehall,59,1
4465,mine,188,4
4466,Have a great day,49,1
4467,Favorite Songs,45,1
4468,sing,84,3
4469,Listening,37,1
4470,lab,49,1
4471,R&B,112,2
4472,sleep,18,1
4473,golden oldies,42,1
4474,september ,54,3
4475,sauce,118,2
4476,feel good:),22,1
4477,Christian,175,1
4478,Road trippin',22,1
4479,Old school,61,2
4480,down under,77,1
4481,Classics,52,1
4482,Saturday,78,1
4483,Pissed,72,1
4484,Jason,121,1
4485,Be still,33,1
4486,nu,19,2
4487,RAGE,122,4
4488,ceremony,8,1
4489,Rock,42,1
4490,Christian,38,1
4491,soundtrack,10,1
4492,junior year,125,1
4493,Music,143,5
4494,Inspirational,86,1
4495,Slow Dance,179,3
4496,White,54,1
4497,Halloween 2014,77,1
4498,slowjamz,32,1
4499,country,84,1
4500,chill 2,35,1
4501,For You. ,127,2
4502,Tango,36,1
4503,Party List,81,4
4504,Christmas favs,31,1
4505,road trip,17,1
4506,Wes,101,1
4507,Love you ,29,1
4508,99,128,1
4509,sassy,30,1
4510,Country,147,1
4511,Gym Mix,31,1
4512,fallout,31,1
4513,A day to remember,13,1
4514,throwback,18,2
4515,Wedding,6,1
4516,GYM!!!,98,1
4517,Garden State,13,1
4518,Dope,21,1
4519,musica en espa√±ol,82,1
4520,speaker knockerz,15,1
4521,Jesus,80,1
4522,mexican,25,2
4523,old school,20,1
4524,NYE 2017,75,1
4525,Michelle,8,1
4526,beach vibes,21,1
4527,Vibes,23,1
4528,tech,18,1
4529,2015,29,2
4530,Vibes,178,1
4531,Personal,157,1
4532,Christian mix,27,1
4533,JUNE 2017,46,1
4534,Bon Voyage,34,1
4535,EDM,8,2
4536,yes,26,1
4537,rad,45,1
4538,classic,50,1
4539,found,60,1
4540,After Hours,17,1
4541,Rock On,146,1
4542,Hooked on a Feeling,62,1
4543,Throwback hip hop,123,1
4544,oldies but goodies,40,1
4545,FIRE,212,1
4546,Reggae,58,4
4547,slow mix,69,1
4548,Kids,79,7
4549,Party,136,1
4550,Oldies,70,2
4551,Workout,153,1
4552,emo,124,2
4553,workout,14,1
4554,zomboy,20,1
4555,gang gang,92,1
4556,fun tunes,13,4
4557,Shoegaze,9,1
4558,Playlist,89,1
4559,massage,35,1
4560,Best,61,1
4561,Weight Room,76,1
4562,shower,30,1
4563,julian,63,2
4564,june17,17,1
4565,chill rap,98,2
4566,Pop,17,1
4567,Dancehall,120,5
4568,Boat,139,1
4569,Hype,54,1
4570,üëÖüëÖ,65,1
4571,Fishing ,50,1
4572,MADNESS,58,1
4573,Luke Bryan Concert,19,1
4574,Country,179,3
4575,Middle School Angst,44,2
4576,Ride Home,74,1
4577,Sing,35,1
4578,January 2017,28,2
4579,current favs ,42,1
4580,Classic Rock,43,2
4581,gentle,16,5
4582,Oldies But Goodies,20,1
4583,LOVE,120,1
4584,Jams,85,1
4585,Hype!,30,1
4586,We Are Your Friends,18,1
4587,Coachella 2015,23,1
4588,I Love You,30,1
4589,Worship,52,1
4590,Best Rap,132,1
4591,*^*^*^* ELECTRO *^*^*^,237,2
4592,Drive,27,1
4593,November 2016,16,1
4594,moms playlist,195,1
4595,Country,20,1
4596,love,108,1
4597,omar,21,1
4598,Sing-a-longs,158,3
4599,Papa,30,1
4600,oldies,182,2
4601,musica,235,3
4602,July 2016,36,2
4603,Latinas,71,4
4604,HW,30,1
4605,morgan,30,1
4606,Sweat It Out,120,1
4607,George,112,1
4608,Summer 17,115,2
4609,The Most Wonderful Time Of The Year,144,1
4610,**ECUADOR,20,1
4611,Drive,93,1
4612,Love it,15,1
4613,Funk,21,1
4614,country ,56,1
4615,Slow Jams,114,1
4616,chill ;),12,1
4617,Thuggin,34,1
4618,All Time Favourites,67,1
4619,lil,89,1
4620,Running,130,1
4621,Banda,14,1
4622,Partee,83,2
4623,music,238,1
4624,90's hits,12,1
4625,steve,218,1
4626,Hippity Hop,69,1
4627,Sam,18,1
4628,My High-Intensity Workout,44,1
4629,Car,169,1
4630,country,178,5
4631,songs for you,72,1
4632,Bre,20,1
4633,July 2016,14,2
4634,Christmas üéÑ,37,1
4635,All music,166,1
4636,Bumping,20,1
4637,2016,15,1
4638,Country,150,1
4639,NYE 2015,146,5
4640,driving ,64,1
4641,Michael,59,1
4642,goodness,69,2
4643,Sad,15,1
4644,Other,7,1
4645,Light,23,1
4646,Classical,25,1
4647,throwback,24,1
4648,90s alternative,76,8
4649,France,37,1
4650,spin 3,13,1
4651,road trip,48,1
4652,Country,70,1
4653,Mobb Deep,134,1
4654,IDFWU,158,13
4655,Mantra,21,2
4656,Kick Back ,77,5
4657,country,40,1
4658,Trance Classics,20,1
4659,music,64,1
4660,DUBSTEP!!!,125,4
4661,wRAP,52,2
4662,too good,78,1
4663,mini,180,2
4664,loud,44,4
4665,PRAISE,40,1
4666,MUSICA,56,1
4667,chill vibes,142,1
4668,Lit,20,1
4669,Country,143,3
4670,Classic rock,96,2
4671,Island,87,2
4672,Septiembre,32,2
4673,studying,29,1
4674,Fun Stuff,97,1
4675,Wedding Music,17,1
4676,For her,108,1
4677,chill,41,1
4678,anthony hamilton,82,2
4679,Pump Up,90,1
4680,Classic,36,1
4681,Friendsgiving,68,1
4682,fun,37,1
4683,COUNTRYYYY,34,1
4684,BOSSanova,20,1
4685,Tropics,67,2
4686,Christmas,11,1
4687,Shred,64,1
4688,chill,137,1
4689,Amazing,66,1
4690,Worship,56,6
4691,*Christmas*,132,2
4692,Old Rap,7,1
4693,‚ô°‚ô°‚ô°,78,2
4694,Rock,40,1
4695,‚úàÔ∏è,43,2
4696,Corridos,61,2
4697,Co,56,2
4698,Mix,50,1
4699,study,14,1
4700,NYE ,42,1
4701,her.,13,2
4702,Random 2,47,2
4703,Pop Punk,55,1
4704,Spring 2016,58,6
4705,parade,30,2
4706,Old School,41,1
4707,Jazz,8,1
4708,country,71,1
4709,noice,13,1
4710,down,23,2
4711,rap/rnb,205,1
4712,hip hop,186,1
4713,Duo,152,8
4714,Randoms ,11,1
4715,HIps Don't Lie,75,1
4716,üá´üá∑,100,1
4717,mine,56,1
4718,chill,30,1
4719,Emo,44,1
4720,Pregame ,75,2
4721,Summer Mix,28,2
4722,summer17,141,1
4723,Party Tracks,61,1
4724,10,58,1
4725,running,17,1
4726,Rock Mix,62,1
4727,The feeling,121,1
4728,Party playlist,85,1
4729,Country,75,2
4730,christian music,89,1
4731,all,161,1
4732,Movie Soundtracks,114,2
4733,ISLAND,68,1
4734,Sunday Chill,14,1
4735,panty droppers,47,1
4736,Country,100,2
4737,Lit,15,2
4738,Disney,55,3
4739,The Feels,69,1
4740,Lazy ,7,1
4741,Jesus culture,69,6
4742,Trap,30,2
4743,work out,66,1
4744,Chill,10,1
4745,Wot,93,1
4746,rap,62,1
4747,2017 PlayList,70,1
4748,Calm ,34,1
4749,Pregame,63,1
4750,lil wayne,37,2
4751,jams,188,1
4752,üåûüåû,117,2
4753,Electronic,242,3
4754,#throwbackthursday,147,2
4755,de todo un poco,174,2
4756,90s,19,2
4757,Running,43,1
4758,Atlas,20,1
4759,jammin,60,1
4760,vibes ,36,3
4761,oldies,100,1
4762,420,106,2
4763,LB,60,1
4764,RWBY,127,2
4765,summer country,62,1
4766,Get Happy,12,1
4767,old,68,1
4768,The truth,90,1
4769,Cuba,37,1
4770,mel,74,5
4771,love.,10,1
4772,Ez,101,1
4773,temp,16,1
4774,grass,91,1
4775,Smokin,52,1
4776,80s,36,1
4777,80s,150,2
4778,Country,186,1
4779,SummerTime,185,1
4780,bedtime,75,1
4781,90s,229,2
4782,Sleep,7,1
4783,Sunday Candy,153,1
4784,shower üöø,19,1
4785,New,31,1
4786,sad,5,1
4787,nortenas,42,1
4788,Pool party ,51,1
4789,G2,33,1
4790,Christian,24,1
4791,Spring 2016,53,1
4792,Sad,38,1
4793,Daily,16,1
4794,car party,83,1
4795,Chill House,101,6
4796,My Country,192,1
4797,flower,42,1
4798,Cl√°sicas ,52,1
4799,Classic,70,1
4800,Broadway!,173,1
4801,Yas,88,1
4802,Gym,99,6
4803,dreams,22,1
4804,R&B,176,2
4805,summer 2015,16,2
4806,Alternative,75,1
4807,Pregame,15,1
4808,Lil Wayne,203,4
4809,spanish,103,1
4810,Good vibes,103,1
4811,Roadtrip,116,1
4812,chill,33,1
4813,Deeper,109,2
4814,Soul/Funk,28,1
4815,J Balvin,17,1
4816,jams,66,1
4817,AUX,11,1
4818,\m/,96,1
4819,Pop Espa√±ol,119,1
4820,squad playlist,160,8
4821,twin peaks,13,1
4822,sergio,51,1
4823,guardians of the galaxy,12,1
4824,oldies,34,1
4825,üéâüéâüéâ,115,1
4826,morning,21,2
4827,Emotions,18,1
4828,TAILGATE,136,1
4829,on the road again,22,1
4830,üî•üî•,23,4
4831,Grad Party,155,1
4832,A Good Playlist,111,1
4833,Christmas,178,1
4834,I Don't Know,79,1
4835,Party 2015,81,1
4836,The Classics,95,4
4837,AMANDA,40,1
4838,birthday,25,2
4839,Boo,77,1
4840,Time,98,1
4841,Therapy,46,1
4842,House,22,1
4843,Christmas Bangers,48,1
4844,Otis,66,1
4845,Up,32,1
4846,Stuff,58,1
4847,country,71,1
4848,mood,30,1
4849,encouragement,10,1
4850,Fall 2016,58,1
4851,stranger things,28,1
4852,2012,156,4
4853,young the giant,39,1
4854,TBT,59,1
4855,speechless ,210,2
4856,Lit.,160,1
4857,don omar,71,3
4858,Bridal shower,65,1
4859,guilty pleasures,120,3
4860,Up,20,1
4861,üí™üèº,62,1
4862,OG RAP,29,1
4863,nick,21,2
4864,alone.,56,1
4865,June 2016,41,1
4866,June 16 ,46,1
4867,Country,45,2
4868,Lift,42,2
4869,Lily,34,1
4870,Crush,30,1
4871,disney channel,178,6
4872,prime,32,1
4873,twenty sixteen,154,2
4874,French,6,3
4875,Yay Area,48,2
4876,Chill music,128,1
4877,dance,38,1
4878,hype,63,1
4879,go,46,2
4880,chillin,60,2
4881,Car jams,157,1
4882,Half Marathon,73,1
4883,Around the World,58,5
4884,chill,34,3
4885,have a nice day,68,2
4886,Rap crap,43,1
4887,roll,102,1
4888,Moody,240,1
4889,Dance,27,1
4890,The Classics,47,1
4891,80's and 90's,122,1
4892,summaaa,58,2
4893,Hoop,82,1
4894,Alabanza,13,2
4895,lets go. ,51,1
4896,Mine,22,1
4897,‚ù§‚ù§,89,1
4898,Throwback,132,1
4899,worship,79,1
4900,reggae,15,1
4901,lg!!,32,1
4902,trappin,193,1
4903,ambient,38,1
4904,carlos,118,1
4905,THROWBACK ,82,1
4906,60s,16,1
4907,yeah ...,59,1
4908,throwback,34,1
4909,country,158,4
4910,classic rock,54,1
4911,edm,78,1
4912,Turnt Up,11,1
4913,This is Halloween,120,1
4914,Current,54,1
4915,ABBY,76,1
4916,Chillin,13,1
4917,gym 3,14,1
4918,GIRL,7,1
4919,Lista oficial Sense8,20,1
4920,80's New Wave,55,1
4921,in my feelings,50,1
4922,Swing Dance,37,1
4923,Jack White,36,1
4924,sleepless,16,1
4925,feeling good,9,1
4926,country favs,213,1
4927,Summer 2015,211,1
4928,throwbacks,120,1
4929,bru,24,1
4930,August '17,28,1
4931,Adele,32,1
4932,Summer 2017,166,1
4933,FEELS,43,1
4934,TBT,168,3
4935,American Pie,30,1
4936,Good Tunes,58,1
4937,Drive,35,1
4938,DC,25,1
4939,Summer Jamz,112,3
4940,good vibes,39,1
4941,Musicals,30,2
4942,Country Strong,85,1
4943,Road Trip,18,1
4944,Country,28,1
4945,ROCK EN ESPA√ëOL,53,1
4946,Folksy,170,1
4947,July,13,2
4948,white.,59,1
4949,May 2017,16,1
4950,rock songs ,191,1
4951,Mix,83,2
4952,New,18,1
4953,Swing,22,1
4954,AIRPLANE. ,134,1
4955,rockstar,160,1
4956,Jams,39,1
4957,Pop Playlist,74,1
4958,new,10,1
4959,_FLOW_,32,2
4960,meditation,53,128
4961,Musicals,20,1
4962,Electro Swing,22,1
4963,Regueton,20,3
4964,halloween,12,2
4965,Remix,17,1
4966,Maria,39,1
4967,electric love ,145,1
4968,U.S.A. ,27,1
4969,grad party,71,1
4970,Twice,31,2
4971,School,23,1
4972,90's Jams,31,3
4973,MK,16,1
4974,2.0,212,1
4975,cocktail hour,49,1
4976,good,29,1
4977,Sparks,52,1
4978,Punk Goes Pop,86,1
4979,Hawaiian,33,1
4980,workout,7,1
4981,Perfect,5,1
4982,New Country,19,1
4983,werk,117,1
4984,Let's Party,72,1
4985,Ac√∫stico ,33,1
4986,Pure.,25,1
4987,Summer 17,49,1
4988,Smoooth,87,1
4989,jack and jack,60,1
4990,Lust,62,2
4991,running ,17,1
4992,drowning ,30,2
4993,collab,47,1
4994,Old School,135,2
4995,Power,49,1
4996,Babe.,43,1
4997,Winter is coming,11,1
4998,poop,150,6
4999,Waltz,20,1
